/hpc2hdd/home/lsheng847/1122321/FakeVideoDetection/data/DFDC/DFDC_video_seg16s/cdphtzqrvp_00.mp4,252,0,1,0
/hpc2hdd/home/lsheng847/1122321/FakeVideoDetection/data/DFDC/DFDC_video_seg16s/dkdwxmtpuo_00.mp4,252,0,1,0
/hpc2hdd/home/lsheng847/1122321/FakeVideoDetection/data/DFDC/DFDC_video_seg16s/dzqwgqewhu_00.mp4,252,0,1,0
/hpc2hdd/home/lsheng847/1122321/FakeVideoDetection/data/DFDC/DFDC_video_seg16s/dbnygxtwek_00.mp4,252,1,1,1
/hpc2hdd/home/lsheng847/1122321/FakeVideoDetection/data/DFDC/DFDC_video_seg16s/bgwmmujlmc_00.mp4,252,1,1,1
/hpc2hdd/home/lsheng847/1122321/FakeVideoDetection/data/DFDC/DFDC_video_seg16s/bguwlyazau_00.mp4,252,0,1,0
/hpc2hdd/home/lsheng847/1122321/FakeVideoDetection/data/DFDC/DFDC_video_seg16s/bwipwzzxxu_00.mp4,252,1,1,1
/hpc2hdd/home/lsheng847/1122321/FakeVideoDetection/data/DFDC/DFDC_video_seg16s/dgmevclvzy_00.mp4,252,0,1,0
/hpc2hdd/home/lsheng847/1122321/FakeVideoDetection/data/DFDC/DFDC_video_seg16s/egbbcxcuqy_00.mp4,252,0,1,0
/hpc2hdd/home/lsheng847/1122321/FakeVideoDetection/data/DFDC/DFDC_video_seg16s/cmbzllswnl_00.mp4,252,1,1,1
/hpc2hdd/home/lsheng847/1122321/FakeVideoDetection/data/DFDC/DFDC_video_seg16s/dzieklokdr_00.mp4,252,0,1,0
/hpc2hdd/home/lsheng847/1122321/FakeVideoDetection/data/DFDC/DFDC_video_seg16s/eudeqjhdfd_00.mp4,252,1,1,1
/hpc2hdd/home/lsheng847/1122321/FakeVideoDetection/data/DFDC/DFDC_video_seg16s/dhoqofwoxa_00.mp4,252,0,1,0
/hpc2hdd/home/lsheng847/1122321/FakeVideoDetection/data/DFDC/DFDC_video_seg16s/bchnbulevv_00.mp4,252,0,1,0
/hpc2hdd/home/lsheng847/1122321/FakeVideoDetection/data/DFDC/DFDC_video_seg16s/alninxcyhg_00.mp4,252,0,1,0
/hpc2hdd/home/lsheng847/1122321/FakeVideoDetection/data/DFDC/DFDC_video_seg16s/apogckdfrz_00.mp4,252,0,1,0
/hpc2hdd/home/lsheng847/1122321/FakeVideoDetection/data/DFDC/DFDC_video_seg16s/ddepeddixj_00.mp4,252,1,1,1
/hpc2hdd/home/lsheng847/1122321/FakeVideoDetection/data/DFDC/DFDC_video_seg16s/bseamdrpbj_00.mp4,252,0,1,0
/hpc2hdd/home/lsheng847/1122321/FakeVideoDetection/data/DFDC/DFDC_video_seg16s/etohcvnzbj_00.mp4,252,0,1,0
/hpc2hdd/home/lsheng847/1122321/FakeVideoDetection/data/DFDC/DFDC_video_seg16s/ccmonzqfrz_00.mp4,252,0,1,0
/hpc2hdd/home/lsheng847/1122321/FakeVideoDetection/data/DFDC/DFDC_video_seg16s/cycacemkmt_00.mp4,252,0,1,0
/hpc2hdd/home/lsheng847/1122321/FakeVideoDetection/data/DFDC/DFDC_video_seg16s/bghphrsfxf_00.mp4,252,0,1,0
/hpc2hdd/home/lsheng847/1122321/FakeVideoDetection/data/DFDC/DFDC_video_seg16s/bqhtpqmmqp_00.mp4,252,0,1,0
/hpc2hdd/home/lsheng847/1122321/FakeVideoDetection/data/DFDC/DFDC_video_seg16s/amaivqofda_00.mp4,252,0,1,0
/hpc2hdd/home/lsheng847/1122321/FakeVideoDetection/data/DFDC/DFDC_video_seg16s/akvmwkdyuv_00.mp4,252,0,1,0
/hpc2hdd/home/lsheng847/1122321/FakeVideoDetection/data/DFDC/DFDC_video_seg16s/aelzhcnwgf_00.mp4,252,0,1,0
/hpc2hdd/home/lsheng847/1122321/FakeVideoDetection/data/DFDC/DFDC_video_seg16s/errocgcham_00.mp4,252,0,1,0
/hpc2hdd/home/lsheng847/1122321/FakeVideoDetection/data/DFDC/DFDC_video_seg16s/eajlrktemq_00.mp4,252,0,1,0
/hpc2hdd/home/lsheng847/1122321/FakeVideoDetection/data/DFDC/DFDC_video_seg16s/eivxffliio_00.mp4,252,0,1,0
/hpc2hdd/home/lsheng847/1122321/FakeVideoDetection/data/DFDC/DFDC_video_seg16s/btunxncpjh_00.mp4,252,0,1,0
/hpc2hdd/home/lsheng847/1122321/FakeVideoDetection/data/DFDC/DFDC_video_seg16s/eukvucdetx_00.mp4,252,0,1,0
/hpc2hdd/home/lsheng847/1122321/FakeVideoDetection/data/DFDC/DFDC_video_seg16s/elginszwtk_00.mp4,252,0,1,0
/hpc2hdd/home/lsheng847/1122321/FakeVideoDetection/data/DFDC/DFDC_video_seg16s/avvdgsennp_00.mp4,252,0,1,0
/hpc2hdd/home/lsheng847/1122321/FakeVideoDetection/data/DFDC/DFDC_video_seg16s/ctpqeykqdp_00.mp4,252,0,1,0
/hpc2hdd/home/lsheng847/1122321/FakeVideoDetection/data/DFDC/DFDC_video_seg16s/eiriyukqqy_00.mp4,252,0,1,0
/hpc2hdd/home/lsheng847/1122321/FakeVideoDetection/data/DFDC/DFDC_video_seg16s/dzvyfiarrq_00.mp4,252,0,1,0
/hpc2hdd/home/lsheng847/1122321/FakeVideoDetection/data/DFDC/DFDC_video_seg16s/eggbjzxnmg_00.mp4,252,1,1,1
/hpc2hdd/home/lsheng847/1122321/FakeVideoDetection/data/DFDC/DFDC_video_seg16s/ckkuyewywx_00.mp4,252,1,1,1
/hpc2hdd/home/lsheng847/1122321/FakeVideoDetection/data/DFDC/DFDC_video_seg16s/bourlmzsio_00.mp4,252,0,1,0
/hpc2hdd/home/lsheng847/1122321/FakeVideoDetection/data/DFDC/DFDC_video_seg16s/efdyrflcpg_00.mp4,252,0,1,0
/hpc2hdd/home/lsheng847/1122321/FakeVideoDetection/data/DFDC/DFDC_video_seg16s/eixwxvxbbn_00.mp4,252,0,1,0
/hpc2hdd/home/lsheng847/1122321/FakeVideoDetection/data/DFDC/DFDC_video_seg16s/bmhvktyiwp_00.mp4,252,0,1,0
/hpc2hdd/home/lsheng847/1122321/FakeVideoDetection/data/DFDC/DFDC_video_seg16s/agqphdxmwt_00.mp4,252,0,1,0
/hpc2hdd/home/lsheng847/1122321/FakeVideoDetection/data/DFDC/DFDC_video_seg16s/ddhfabwpuz_00.mp4,252,0,1,0
/hpc2hdd/home/lsheng847/1122321/FakeVideoDetection/data/DFDC/DFDC_video_seg16s/bjjbwsqjir_00.mp4,252,0,1,0
/hpc2hdd/home/lsheng847/1122321/FakeVideoDetection/data/DFDC/DFDC_video_seg16s/ebeknhudxq_00.mp4,252,0,1,0
/hpc2hdd/home/lsheng847/1122321/FakeVideoDetection/data/DFDC/DFDC_video_seg16s/dwediigjit_00.mp4,252,0,1,0
/hpc2hdd/home/lsheng847/1122321/FakeVideoDetection/data/DFDC/DFDC_video_seg16s/cqfugiqupm_00.mp4,252,0,1,0
/hpc2hdd/home/lsheng847/1122321/FakeVideoDetection/data/DFDC/DFDC_video_seg16s/bbhtdfuqxq_00.mp4,252,0,1,0
/hpc2hdd/home/lsheng847/1122321/FakeVideoDetection/data/DFDC/DFDC_video_seg16s/ensyyivobf_00.mp4,252,0,1,0
/hpc2hdd/home/lsheng847/1122321/FakeVideoDetection/data/DFDC/DFDC_video_seg16s/esyrimvzsa_00.mp4,252,0,1,0
/hpc2hdd/home/lsheng847/1122321/FakeVideoDetection/data/DFDC/DFDC_video_seg16s/btohlidmru_00.mp4,252,0,1,0
/hpc2hdd/home/lsheng847/1122321/FakeVideoDetection/data/DFDC/DFDC_video_seg16s/cxfujlvsuw_00.mp4,252,0,1,0
/hpc2hdd/home/lsheng847/1122321/FakeVideoDetection/data/DFDC/DFDC_video_seg16s/eckvhdusax_00.mp4,252,1,1,1
/hpc2hdd/home/lsheng847/1122321/FakeVideoDetection/data/DFDC/DFDC_video_seg16s/dnyvfblxpm_00.mp4,252,0,1,0
/hpc2hdd/home/lsheng847/1122321/FakeVideoDetection/data/DFDC/DFDC_video_seg16s/dkuayagnmc_00.mp4,252,1,1,1
/hpc2hdd/home/lsheng847/1122321/FakeVideoDetection/data/DFDC/DFDC_video_seg16s/cwqlvzefpg_00.mp4,252,0,1,0
/hpc2hdd/home/lsheng847/1122321/FakeVideoDetection/data/DFDC/DFDC_video_seg16s/dkwjwbwgey_00.mp4,252,0,1,0
/hpc2hdd/home/lsheng847/1122321/FakeVideoDetection/data/DFDC/DFDC_video_seg16s/dbtbbhakdv_00.mp4,252,1,1,1
/hpc2hdd/home/lsheng847/1122321/FakeVideoDetection/data/DFDC/DFDC_video_seg16s/btugrnoton_00.mp4,252,0,1,0
/hpc2hdd/home/lsheng847/1122321/FakeVideoDetection/data/DFDC/DFDC_video_seg16s/bgaogsjehq_00.mp4,252,0,1,0
/hpc2hdd/home/lsheng847/1122321/FakeVideoDetection/data/DFDC/DFDC_video_seg16s/bkmdzhfzfh_00.mp4,252,0,1,0
/hpc2hdd/home/lsheng847/1122321/FakeVideoDetection/data/DFDC/DFDC_video_seg16s/dhkwmjxwrn_00.mp4,252,0,1,0
/hpc2hdd/home/lsheng847/1122321/FakeVideoDetection/data/DFDC/DFDC_video_seg16s/caqbrkogkb_00.mp4,252,0,1,0
/hpc2hdd/home/lsheng847/1122321/FakeVideoDetection/data/DFDC/DFDC_video_seg16s/dbzpcjntve_00.mp4,252,0,1,0
/hpc2hdd/home/lsheng847/1122321/FakeVideoDetection/data/DFDC/DFDC_video_seg16s/cwwandrkus_00.mp4,252,0,1,0
/hpc2hdd/home/lsheng847/1122321/FakeVideoDetection/data/DFDC/DFDC_video_seg16s/eqjscdagiv_00.mp4,252,0,1,0
/hpc2hdd/home/lsheng847/1122321/FakeVideoDetection/data/DFDC/DFDC_video_seg16s/byofowlkki_00.mp4,252,0,1,0
/hpc2hdd/home/lsheng847/1122321/FakeVideoDetection/data/DFDC/DFDC_video_seg16s/bqeiblbxtl_00.mp4,252,0,1,0
/hpc2hdd/home/lsheng847/1122321/FakeVideoDetection/data/DFDC/DFDC_video_seg16s/dqnyszdong_00.mp4,252,0,1,0
/hpc2hdd/home/lsheng847/1122321/FakeVideoDetection/data/DFDC/DFDC_video_seg16s/dvumqqhoac_00.mp4,252,0,1,0
/hpc2hdd/home/lsheng847/1122321/FakeVideoDetection/data/DFDC/DFDC_video_seg16s/dcuiiorugd_00.mp4,252,0,1,0
/hpc2hdd/home/lsheng847/1122321/FakeVideoDetection/data/DFDC/DFDC_video_seg16s/avmjormvsx_00.mp4,252,1,1,1
/hpc2hdd/home/lsheng847/1122321/FakeVideoDetection/data/DFDC/DFDC_video_seg16s/azsmewqghg_00.mp4,252,0,1,0
/hpc2hdd/home/lsheng847/1122321/FakeVideoDetection/data/DFDC/DFDC_video_seg16s/ellavthztb_00.mp4,252,1,1,1
/hpc2hdd/home/lsheng847/1122321/FakeVideoDetection/data/DFDC/DFDC_video_seg16s/clihsshdkq_00.mp4,252,0,1,0
/hpc2hdd/home/lsheng847/1122321/FakeVideoDetection/data/DFDC/DFDC_video_seg16s/duycddgtrl_00.mp4,252,1,1,1
/hpc2hdd/home/lsheng847/1122321/FakeVideoDetection/data/DFDC/DFDC_video_seg16s/dvakowbgbt_00.mp4,252,0,1,0
/hpc2hdd/home/lsheng847/1122321/FakeVideoDetection/data/DFDC/DFDC_video_seg16s/bvgwelbeof_00.mp4,252,0,1,0
/hpc2hdd/home/lsheng847/1122321/FakeVideoDetection/data/DFDC/DFDC_video_seg16s/acifjvzvpm_00.mp4,252,0,1,0
/hpc2hdd/home/lsheng847/1122321/FakeVideoDetection/data/DFDC/DFDC_video_seg16s/abofeumbvv_00.mp4,252,0,1,0
/hpc2hdd/home/lsheng847/1122321/FakeVideoDetection/data/DFDC/DFDC_video_seg16s/dfbpceeaox_00.mp4,252,0,1,0
/hpc2hdd/home/lsheng847/1122321/FakeVideoDetection/data/DFDC/DFDC_video_seg16s/erlvuvjsjf_00.mp4,252,1,1,1
/hpc2hdd/home/lsheng847/1122321/FakeVideoDetection/data/DFDC/DFDC_video_seg16s/avibnnhwhp_00.mp4,252,0,1,0
/hpc2hdd/home/lsheng847/1122321/FakeVideoDetection/data/DFDC/DFDC_video_seg16s/bdxuhamuqx_00.mp4,252,0,1,0
/hpc2hdd/home/lsheng847/1122321/FakeVideoDetection/data/DFDC/DFDC_video_seg16s/efwfxwwlbw_00.mp4,252,1,1,1
/hpc2hdd/home/lsheng847/1122321/FakeVideoDetection/data/DFDC/DFDC_video_seg16s/crezycjqyk_00.mp4,252,1,1,1
/hpc2hdd/home/lsheng847/1122321/FakeVideoDetection/data/DFDC/DFDC_video_seg16s/cferslmfwh_00.mp4,252,0,1,0
/hpc2hdd/home/lsheng847/1122321/FakeVideoDetection/data/DFDC/DFDC_video_seg16s/awukslzjra_00.mp4,252,0,1,0
/hpc2hdd/home/lsheng847/1122321/FakeVideoDetection/data/DFDC/DFDC_video_seg16s/blpchvmhxx_00.mp4,252,0,1,0
/hpc2hdd/home/lsheng847/1122321/FakeVideoDetection/data/DFDC/DFDC_video_seg16s/dafhtipaml_00.mp4,252,0,1,0
/hpc2hdd/home/lsheng847/1122321/FakeVideoDetection/data/DFDC/DFDC_video_seg16s/dkhlttuvmx_00.mp4,252,0,1,0
/hpc2hdd/home/lsheng847/1122321/FakeVideoDetection/data/DFDC/DFDC_video_seg16s/bkwxhglwct_00.mp4,252,0,0,0
/hpc2hdd/home/lsheng847/1122321/FakeVideoDetection/data/DFDC/DFDC_video_seg16s/asaxgevnnp_00.mp4,252,1,1,1
/hpc2hdd/home/lsheng847/1122321/FakeVideoDetection/data/DFDC/DFDC_video_seg16s/ecuvtoltue_00.mp4,252,0,1,0
/hpc2hdd/home/lsheng847/1122321/FakeVideoDetection/data/DFDC/DFDC_video_seg16s/djvtbgwdcc_00.mp4,252,0,1,0
/hpc2hdd/home/lsheng847/1122321/FakeVideoDetection/data/DFDC/DFDC_video_seg16s/abqwwspghj_00.mp4,252,0,1,0
/hpc2hdd/home/lsheng847/1122321/FakeVideoDetection/data/DFDC/DFDC_video_seg16s/dkzvdrzcnr_00.mp4,252,1,1,1
/hpc2hdd/home/lsheng847/1122321/FakeVideoDetection/data/DFDC/DFDC_video_seg16s/dqzreruvje_00.mp4,252,0,1,0
/hpc2hdd/home/lsheng847/1122321/FakeVideoDetection/data/DFDC/DFDC_video_seg16s/ecujsjhscd_00.mp4,252,1,1,1
/hpc2hdd/home/lsheng847/1122321/FakeVideoDetection/data/DFDC/DFDC_video_seg16s/bpxckdzddv_00.mp4,252,0,1,0
/hpc2hdd/home/lsheng847/1122321/FakeVideoDetection/data/DFDC/DFDC_video_seg16s/bilnggbxgu_00.mp4,252,1,1,1
/hpc2hdd/home/lsheng847/1122321/FakeVideoDetection/data/DFDC/DFDC_video_seg16s/dnexlwbcxq_00.mp4,252,0,1,0
/hpc2hdd/home/lsheng847/1122321/FakeVideoDetection/data/DFDC/DFDC_video_seg16s/bqqpbzjgup_00.mp4,252,0,1,0
/hpc2hdd/home/lsheng847/1122321/FakeVideoDetection/data/DFDC/DFDC_video_seg16s/aybgughjxh_00.mp4,252,1,1,1
/hpc2hdd/home/lsheng847/1122321/FakeVideoDetection/data/DFDC/DFDC_video_seg16s/cgvrgibpfo_00.mp4,252,0,1,0
/hpc2hdd/home/lsheng847/1122321/FakeVideoDetection/data/DFDC/DFDC_video_seg16s/ddpvuimigj_00.mp4,252,0,1,0
/hpc2hdd/home/lsheng847/1122321/FakeVideoDetection/data/DFDC/DFDC_video_seg16s/eoewqcpbgt_00.mp4,252,0,1,0
/hpc2hdd/home/lsheng847/1122321/FakeVideoDetection/data/DFDC/DFDC_video_seg16s/altziddtxi_00.mp4,252,0,1,0
/hpc2hdd/home/lsheng847/1122321/FakeVideoDetection/data/DFDC/DFDC_video_seg16s/bsqgziaylx_00.mp4,252,0,1,0
/hpc2hdd/home/lsheng847/1122321/FakeVideoDetection/data/DFDC/DFDC_video_seg16s/agdkmztvby_00.mp4,252,0,1,0
/hpc2hdd/home/lsheng847/1122321/FakeVideoDetection/data/DFDC/DFDC_video_seg16s/emgjphonqb_00.mp4,252,0,1,0
/hpc2hdd/home/lsheng847/1122321/FakeVideoDetection/data/DFDC/DFDC_video_seg16s/axoygtekut_00.mp4,252,0,1,0
/hpc2hdd/home/lsheng847/1122321/FakeVideoDetection/data/DFDC/DFDC_video_seg16s/degpbqvcay_00.mp4,252,0,1,0
/hpc2hdd/home/lsheng847/1122321/FakeVideoDetection/data/DFDC/DFDC_video_seg16s/aelfnikyqj_00.mp4,252,1,1,1
/hpc2hdd/home/lsheng847/1122321/FakeVideoDetection/data/DFDC/DFDC_video_seg16s/axwovszumc_00.mp4,252,0,1,0
/hpc2hdd/home/lsheng847/1122321/FakeVideoDetection/data/DFDC/DFDC_video_seg16s/ehtdtkmmli_00.mp4,252,1,1,1
/hpc2hdd/home/lsheng847/1122321/FakeVideoDetection/data/DFDC/DFDC_video_seg16s/dhevettufk_00.mp4,252,0,1,0
/hpc2hdd/home/lsheng847/1122321/FakeVideoDetection/data/DFDC/DFDC_video_seg16s/esgftaficx_00.mp4,252,0,1,0
/hpc2hdd/home/lsheng847/1122321/FakeVideoDetection/data/DFDC/DFDC_video_seg16s/aklqzsddfl_00.mp4,252,0,1,0
/hpc2hdd/home/lsheng847/1122321/FakeVideoDetection/data/DFDC/DFDC_video_seg16s/ahbweevwpv_00.mp4,252,0,1,0
/hpc2hdd/home/lsheng847/1122321/FakeVideoDetection/data/DFDC/DFDC_video_seg16s/bnbuonyoje_00.mp4,252,0,1,0
/hpc2hdd/home/lsheng847/1122321/FakeVideoDetection/data/DFDC/DFDC_video_seg16s/bhpwpydzpo_00.mp4,252,0,1,0
/hpc2hdd/home/lsheng847/1122321/FakeVideoDetection/data/DFDC/DFDC_video_seg16s/cdaxixbosp_00.mp4,252,0,1,0
/hpc2hdd/home/lsheng847/1122321/FakeVideoDetection/data/DFDC/DFDC_video_seg16s/eczrseixwq_00.mp4,252,0,1,0
/hpc2hdd/home/lsheng847/1122321/FakeVideoDetection/data/DFDC/DFDC_video_seg16s/bweezhfpzp_00.mp4,252,0,1,0
/hpc2hdd/home/lsheng847/1122321/FakeVideoDetection/data/DFDC/DFDC_video_seg16s/etejaapnxh_00.mp4,252,0,1,0
/hpc2hdd/home/lsheng847/1122321/FakeVideoDetection/data/DFDC/DFDC_video_seg16s/cxttmymlbn_00.mp4,252,0,1,0
/hpc2hdd/home/lsheng847/1122321/FakeVideoDetection/data/DFDC/DFDC_video_seg16s/bopqhhalml_00.mp4,252,0,1,0
/hpc2hdd/home/lsheng847/1122321/FakeVideoDetection/data/DFDC/DFDC_video_seg16s/bmehkyanbj_00.mp4,252,0,1,0
/hpc2hdd/home/lsheng847/1122321/FakeVideoDetection/data/DFDC/DFDC_video_seg16s/dhjmzhrcav_00.mp4,252,0,1,0
/hpc2hdd/home/lsheng847/1122321/FakeVideoDetection/data/DFDC/DFDC_video_seg16s/covdcysmbi_00.mp4,252,0,1,0
/hpc2hdd/home/lsheng847/1122321/FakeVideoDetection/data/DFDC/DFDC_video_seg16s/dbzcqmxzaj_00.mp4,252,0,1,0
/hpc2hdd/home/lsheng847/1122321/FakeVideoDetection/data/DFDC/DFDC_video_seg16s/dhxctgyoqj_00.mp4,252,1,1,1
/hpc2hdd/home/lsheng847/1122321/FakeVideoDetection/data/DFDC/DFDC_video_seg16s/czkdanyadc_00.mp4,252,0,1,0
/hpc2hdd/home/lsheng847/1122321/FakeVideoDetection/data/DFDC/DFDC_video_seg16s/cettndmvzl_00.mp4,252,0,1,0
/hpc2hdd/home/lsheng847/1122321/FakeVideoDetection/data/DFDC/DFDC_video_seg16s/anpuvshzoo_00.mp4,252,1,1,1
/hpc2hdd/home/lsheng847/1122321/FakeVideoDetection/data/DFDC/DFDC_video_seg16s/dsjbknkujw_00.mp4,252,1,1,1
/hpc2hdd/home/lsheng847/1122321/FakeVideoDetection/data/DFDC/DFDC_video_seg16s/awhmfnnjih_00.mp4,252,0,1,0
/hpc2hdd/home/lsheng847/1122321/FakeVideoDetection/data/DFDC/DFDC_video_seg16s/byunigvnay_00.mp4,252,0,1,0
/hpc2hdd/home/lsheng847/1122321/FakeVideoDetection/data/DFDC/DFDC_video_seg16s/dzyuwjkjui_00.mp4,252,1,1,1
/hpc2hdd/home/lsheng847/1122321/FakeVideoDetection/data/DFDC/DFDC_video_seg16s/bqnymlsayl_00.mp4,252,0,1,0
/hpc2hdd/home/lsheng847/1122321/FakeVideoDetection/data/DFDC/DFDC_video_seg16s/bpapbctoao_00.mp4,252,1,1,1
/hpc2hdd/home/lsheng847/1122321/FakeVideoDetection/data/DFDC/DFDC_video_seg16s/bzmdrafeex_00.mp4,252,0,1,0
/hpc2hdd/home/lsheng847/1122321/FakeVideoDetection/data/DFDC/DFDC_video_seg16s/alvgwypubw_00.mp4,252,0,1,0
/hpc2hdd/home/lsheng847/1122321/FakeVideoDetection/data/DFDC/DFDC_video_seg16s/bdgipnyobr_00.mp4,252,0,1,0
/hpc2hdd/home/lsheng847/1122321/FakeVideoDetection/data/DFDC/DFDC_video_seg16s/ekhacizpah_00.mp4,252,0,1,0
/hpc2hdd/home/lsheng847/1122321/FakeVideoDetection/data/DFDC/DFDC_video_seg16s/bwuwstvsbw_00.mp4,252,0,1,0
/hpc2hdd/home/lsheng847/1122321/FakeVideoDetection/data/DFDC/DFDC_video_seg16s/bgvhtpzknn_00.mp4,252,1,1,1
/hpc2hdd/home/lsheng847/1122321/FakeVideoDetection/data/DFDC/DFDC_video_seg16s/btxlttbpkj_00.mp4,252,0,1,0
/hpc2hdd/home/lsheng847/1122321/FakeVideoDetection/data/DFDC/DFDC_video_seg16s/dozyddhild_00.mp4,252,0,1,0
/hpc2hdd/home/lsheng847/1122321/FakeVideoDetection/data/DFDC/DFDC_video_seg16s/bhbdugnurr_00.mp4,252,0,1,0
/hpc2hdd/home/lsheng847/1122321/FakeVideoDetection/data/DFDC/DFDC_video_seg16s/bctvsmddgq_00.mp4,252,0,1,0
/hpc2hdd/home/lsheng847/1122321/FakeVideoDetection/data/DFDC/DFDC_video_seg16s/atzdznmder_00.mp4,252,0,1,0
/hpc2hdd/home/lsheng847/1122321/FakeVideoDetection/data/DFDC/DFDC_video_seg16s/coadfnerlk_00.mp4,252,0,1,0
/hpc2hdd/home/lsheng847/1122321/FakeVideoDetection/data/DFDC/DFDC_video_seg16s/dcamvmuors_00.mp4,252,0,1,0
/hpc2hdd/home/lsheng847/1122321/FakeVideoDetection/data/DFDC/DFDC_video_seg16s/ebebgmtlcu_00.mp4,252,0,1,0
/hpc2hdd/home/lsheng847/1122321/FakeVideoDetection/data/DFDC/DFDC_video_seg16s/crktehraph_00.mp4,252,0,1,0
/hpc2hdd/home/lsheng847/1122321/FakeVideoDetection/data/DFDC/DFDC_video_seg16s/aqpnvjhuzw_00.mp4,252,0,1,0
/hpc2hdd/home/lsheng847/1122321/FakeVideoDetection/data/DFDC/DFDC_video_seg16s/asdpeebotb_00.mp4,252,0,1,0
/hpc2hdd/home/lsheng847/1122321/FakeVideoDetection/data/DFDC/DFDC_video_seg16s/esnntzzajv_00.mp4,252,0,1,0
/hpc2hdd/home/lsheng847/1122321/FakeVideoDetection/data/DFDC/DFDC_video_seg16s/bejhvclboh_00.mp4,252,1,1,1
/hpc2hdd/home/lsheng847/1122321/FakeVideoDetection/data/DFDC/DFDC_video_seg16s/ajqslcypsw_00.mp4,252,1,1,1
/hpc2hdd/home/lsheng847/1122321/FakeVideoDetection/data/DFDC/DFDC_video_seg16s/aorjvbyxhw_00.mp4,252,0,1,0
/hpc2hdd/home/lsheng847/1122321/FakeVideoDetection/data/DFDC/DFDC_video_seg16s/dxuliowugt_00.mp4,252,0,1,0
/hpc2hdd/home/lsheng847/1122321/FakeVideoDetection/data/DFDC/DFDC_video_seg16s/cizlkenljw_00.mp4,252,1,1,1
/hpc2hdd/home/lsheng847/1122321/FakeVideoDetection/data/DFDC/DFDC_video_seg16s/doanjploai_00.mp4,252,0,1,0
/hpc2hdd/home/lsheng847/1122321/FakeVideoDetection/data/DFDC/DFDC_video_seg16s/ctzmavwror_00.mp4,252,0,1,0
/hpc2hdd/home/lsheng847/1122321/FakeVideoDetection/data/DFDC/DFDC_video_seg16s/cuzrgrbvil_00.mp4,252,0,1,0
/hpc2hdd/home/lsheng847/1122321/FakeVideoDetection/data/DFDC/DFDC_video_seg16s/curpwogllm_00.mp4,252,0,1,0
/hpc2hdd/home/lsheng847/1122321/FakeVideoDetection/data/DFDC/DFDC_video_seg16s/ebywfrmhtd_00.mp4,252,0,1,0
/hpc2hdd/home/lsheng847/1122321/FakeVideoDetection/data/DFDC/DFDC_video_seg16s/djvutyvaio_00.mp4,252,0,1,0
/hpc2hdd/home/lsheng847/1122321/FakeVideoDetection/data/DFDC/DFDC_video_seg16s/cbltdtxglo_00.mp4,252,0,1,0
/hpc2hdd/home/lsheng847/1122321/FakeVideoDetection/data/DFDC/DFDC_video_seg16s/dptrzdvwpg_00.mp4,252,0,1,0
/hpc2hdd/home/lsheng847/1122321/FakeVideoDetection/data/DFDC/DFDC_video_seg16s/dubiroskqn_00.mp4,252,0,1,0
/hpc2hdd/home/lsheng847/1122321/FakeVideoDetection/data/DFDC/DFDC_video_seg16s/bgmlwsoamc_00.mp4,252,0,1,0
/hpc2hdd/home/lsheng847/1122321/FakeVideoDetection/data/DFDC/DFDC_video_seg16s/cvaksbpssm_00.mp4,252,0,1,0
/hpc2hdd/home/lsheng847/1122321/FakeVideoDetection/data/DFDC/DFDC_video_seg16s/bddjdhzfze_00.mp4,252,1,1,1
/hpc2hdd/home/lsheng847/1122321/FakeVideoDetection/data/DFDC/DFDC_video_seg16s/chtapglbcj_00.mp4,252,1,1,1
/hpc2hdd/home/lsheng847/1122321/FakeVideoDetection/data/DFDC/DFDC_video_seg16s/cfyduhpbps_00.mp4,252,0,1,0
/hpc2hdd/home/lsheng847/1122321/FakeVideoDetection/data/DFDC/DFDC_video_seg16s/emaalmsonj_00.mp4,252,0,1,0
/hpc2hdd/home/lsheng847/1122321/FakeVideoDetection/data/DFDC/DFDC_video_seg16s/eahlqmfvtj_00.mp4,252,0,1,0
/hpc2hdd/home/lsheng847/1122321/FakeVideoDetection/data/DFDC/DFDC_video_seg16s/atvmxvwyns_00.mp4,252,1,1,1
/hpc2hdd/home/lsheng847/1122321/FakeVideoDetection/data/DFDC/DFDC_video_seg16s/avfitoutyn_00.mp4,252,0,1,0
/hpc2hdd/home/lsheng847/1122321/FakeVideoDetection/data/DFDC/DFDC_video_seg16s/ahdbuwqxit_00.mp4,252,0,1,0
/hpc2hdd/home/lsheng847/1122321/FakeVideoDetection/data/DFDC/DFDC_video_seg16s/alaijyygdv_00.mp4,252,0,1,0
/hpc2hdd/home/lsheng847/1122321/FakeVideoDetection/data/DFDC/DFDC_video_seg16s/bzythlfnhq_00.mp4,252,1,1,1
/hpc2hdd/home/lsheng847/1122321/FakeVideoDetection/data/DFDC/DFDC_video_seg16s/erqgqacbqe_00.mp4,252,0,1,0
/hpc2hdd/home/lsheng847/1122321/FakeVideoDetection/data/DFDC/DFDC_video_seg16s/dqppxmoqdl_00.mp4,252,0,1,0
/hpc2hdd/home/lsheng847/1122321/FakeVideoDetection/data/DFDC/DFDC_video_seg16s/djxdyjopjd_00.mp4,252,1,1,1
/hpc2hdd/home/lsheng847/1122321/FakeVideoDetection/data/DFDC/DFDC_video_seg16s/ckbdwedgmc_00.mp4,252,0,1,0
/hpc2hdd/home/lsheng847/1122321/FakeVideoDetection/data/DFDC/DFDC_video_seg16s/aybumesmpk_00.mp4,252,1,1,1
/hpc2hdd/home/lsheng847/1122321/FakeVideoDetection/data/DFDC/DFDC_video_seg16s/deywhkarol_00.mp4,252,0,1,0
/hpc2hdd/home/lsheng847/1122321/FakeVideoDetection/data/DFDC/DFDC_video_seg16s/cwrtyzndpx_00.mp4,252,0,1,0
/hpc2hdd/home/lsheng847/1122321/FakeVideoDetection/data/DFDC/DFDC_video_seg16s/bmjzrlszhi_00.mp4,252,1,1,1
/hpc2hdd/home/lsheng847/1122321/FakeVideoDetection/data/DFDC/DFDC_video_seg16s/bjkmjilrxp_00.mp4,252,0,1,0
/hpc2hdd/home/lsheng847/1122321/FakeVideoDetection/data/DFDC/DFDC_video_seg16s/deyyistcrd_00.mp4,252,0,1,0
/hpc2hdd/home/lsheng847/1122321/FakeVideoDetection/data/DFDC/DFDC_video_seg16s/ekcrtigpab_00.mp4,252,1,1,1
/hpc2hdd/home/lsheng847/1122321/FakeVideoDetection/data/DFDC/DFDC_video_seg16s/dofusvhnib_00.mp4,252,0,1,0
/hpc2hdd/home/lsheng847/1122321/FakeVideoDetection/data/DFDC/DFDC_video_seg16s/acxwigylke_00.mp4,252,0,1,0
/hpc2hdd/home/lsheng847/1122321/FakeVideoDetection/data/DFDC/DFDC_video_seg16s/byijojkdba_00.mp4,252,0,1,0
/hpc2hdd/home/lsheng847/1122321/FakeVideoDetection/data/DFDC/DFDC_video_seg16s/cttqtsjvgn_00.mp4,252,0,1,0
/hpc2hdd/home/lsheng847/1122321/FakeVideoDetection/data/DFDC/DFDC_video_seg16s/dakqwktlbi_00.mp4,252,0,1,0
/hpc2hdd/home/lsheng847/1122321/FakeVideoDetection/data/DFDC/DFDC_video_seg16s/duzuusuajr_00.mp4,252,0,1,0
/hpc2hdd/home/lsheng847/1122321/FakeVideoDetection/data/DFDC/DFDC_video_seg16s/brvqtabyxj_00.mp4,252,0,1,0
/hpc2hdd/home/lsheng847/1122321/FakeVideoDetection/data/DFDC/DFDC_video_seg16s/dtocdfbwca_00.mp4,252,0,1,0
/hpc2hdd/home/lsheng847/1122321/FakeVideoDetection/data/DFDC/DFDC_video_seg16s/avywawptfc_00.mp4,252,0,1,0
/hpc2hdd/home/lsheng847/1122321/FakeVideoDetection/data/DFDC/DFDC_video_seg16s/drtbksnpol_00.mp4,252,0,1,0
/hpc2hdd/home/lsheng847/1122321/FakeVideoDetection/data/DFDC/DFDC_video_seg16s/ehbnclaukr_00.mp4,252,0,1,0
/hpc2hdd/home/lsheng847/1122321/FakeVideoDetection/data/DFDC/DFDC_video_seg16s/aneclqfpbt_00.mp4,252,0,1,0
/hpc2hdd/home/lsheng847/1122321/FakeVideoDetection/data/DFDC/DFDC_video_seg16s/ahqqqilsxt_00.mp4,252,1,1,1
/hpc2hdd/home/lsheng847/1122321/FakeVideoDetection/data/DFDC/DFDC_video_seg16s/bdbhekrrwo_00.mp4,252,0,1,0
/hpc2hdd/home/lsheng847/1122321/FakeVideoDetection/data/DFDC/DFDC_video_seg16s/duvyaxbzvp_00.mp4,252,0,1,0
/hpc2hdd/home/lsheng847/1122321/FakeVideoDetection/data/DFDC/DFDC_video_seg16s/benmsfzfaz_00.mp4,252,0,1,0
/hpc2hdd/home/lsheng847/1122321/FakeVideoDetection/data/DFDC/DFDC_video_seg16s/ayqvfdhslr_00.mp4,252,0,0,0
/hpc2hdd/home/lsheng847/1122321/FakeVideoDetection/data/DFDC/DFDC_video_seg16s/acxnxvbsxk_00.mp4,252,0,1,0
/hpc2hdd/home/lsheng847/1122321/FakeVideoDetection/data/DFDC/DFDC_video_seg16s/atyntldecu_00.mp4,252,0,1,0
/hpc2hdd/home/lsheng847/1122321/FakeVideoDetection/data/DFDC/DFDC_video_seg16s/bhsluedavd_00.mp4,252,0,1,0
/hpc2hdd/home/lsheng847/1122321/FakeVideoDetection/data/DFDC/DFDC_video_seg16s/chzieimrwu_00.mp4,252,0,1,0
/hpc2hdd/home/lsheng847/1122321/FakeVideoDetection/data/DFDC/DFDC_video_seg16s/cyclgfjdrv_00.mp4,252,0,1,0
/hpc2hdd/home/lsheng847/1122321/FakeVideoDetection/data/DFDC/DFDC_video_seg16s/cyxlcuyznd_00.mp4,252,1,1,1
/hpc2hdd/home/lsheng847/1122321/FakeVideoDetection/data/DFDC/DFDC_video_seg16s/drsakwyvqv_00.mp4,252,0,1,0
/hpc2hdd/home/lsheng847/1122321/FakeVideoDetection/data/DFDC/DFDC_video_seg16s/arkroixhey_00.mp4,252,0,1,0
/hpc2hdd/home/lsheng847/1122321/FakeVideoDetection/data/DFDC/DFDC_video_seg16s/cthdnahrkh_00.mp4,252,0,1,0
/hpc2hdd/home/lsheng847/1122321/FakeVideoDetection/data/DFDC/DFDC_video_seg16s/aknbdpmgua_00.mp4,252,0,1,0
/hpc2hdd/home/lsheng847/1122321/FakeVideoDetection/data/DFDC/DFDC_video_seg16s/ehfiekigla_00.mp4,252,0,1,0
/hpc2hdd/home/lsheng847/1122321/FakeVideoDetection/data/DFDC/DFDC_video_seg16s/btjlfpzbdu_00.mp4,252,0,1,0
/hpc2hdd/home/lsheng847/1122321/FakeVideoDetection/data/DFDC/DFDC_video_seg16s/bkvetcojbt_00.mp4,252,0,1,0
/hpc2hdd/home/lsheng847/1122321/FakeVideoDetection/data/DFDC/DFDC_video_seg16s/diomeixhrg_00.mp4,252,0,1,0
/hpc2hdd/home/lsheng847/1122321/FakeVideoDetection/data/DFDC/DFDC_video_seg16s/dulanfulol_00.mp4,252,0,1,0
/hpc2hdd/home/lsheng847/1122321/FakeVideoDetection/data/DFDC/DFDC_video_seg16s/aagfhgtpmv_00.mp4,252,0,1,0
/hpc2hdd/home/lsheng847/1122321/FakeVideoDetection/data/DFDC/DFDC_video_seg16s/cwsbspfzck_00.mp4,252,0,1,0
/hpc2hdd/home/lsheng847/1122321/FakeVideoDetection/data/DFDC/DFDC_video_seg16s/dsgpbgsrdm_00.mp4,252,0,1,0
/hpc2hdd/home/lsheng847/1122321/FakeVideoDetection/data/DFDC/DFDC_video_seg16s/bqtuuwzdtr_00.mp4,252,0,1,0
/hpc2hdd/home/lsheng847/1122321/FakeVideoDetection/data/DFDC/DFDC_video_seg16s/ddjggcasdw_00.mp4,252,0,1,0
/hpc2hdd/home/lsheng847/1122321/FakeVideoDetection/data/DFDC/DFDC_video_seg16s/eebserckhh_00.mp4,252,0,1,0
/hpc2hdd/home/lsheng847/1122321/FakeVideoDetection/data/DFDC/DFDC_video_seg16s/cglxirfaey_00.mp4,252,0,1,0
/hpc2hdd/home/lsheng847/1122321/FakeVideoDetection/data/DFDC/DFDC_video_seg16s/dgzklxjmix_00.mp4,252,0,1,0
/hpc2hdd/home/lsheng847/1122321/FakeVideoDetection/data/DFDC/DFDC_video_seg16s/dnhvalzvrt_00.mp4,252,0,1,0
/hpc2hdd/home/lsheng847/1122321/FakeVideoDetection/data/DFDC/DFDC_video_seg16s/eiwopxzjfn_00.mp4,252,0,1,0
/hpc2hdd/home/lsheng847/1122321/FakeVideoDetection/data/DFDC/DFDC_video_seg16s/bofqajtwve_00.mp4,252,0,1,0
/hpc2hdd/home/lsheng847/1122321/FakeVideoDetection/data/DFDC/DFDC_video_seg16s/cbbibzcoih_00.mp4,252,0,1,0
/hpc2hdd/home/lsheng847/1122321/FakeVideoDetection/data/DFDC/DFDC_video_seg16s/cdbsbdymzd_00.mp4,252,0,1,0
/hpc2hdd/home/lsheng847/1122321/FakeVideoDetection/data/DFDC/DFDC_video_seg16s/bydaidkpdp_00.mp4,252,0,1,0
/hpc2hdd/home/lsheng847/1122321/FakeVideoDetection/data/DFDC/DFDC_video_seg16s/dtbpmdqvao_00.mp4,252,0,0,0
/hpc2hdd/home/lsheng847/1122321/FakeVideoDetection/data/DFDC/DFDC_video_seg16s/ddqccgmtka_00.mp4,252,0,1,0
/hpc2hdd/home/lsheng847/1122321/FakeVideoDetection/data/DFDC/DFDC_video_seg16s/bhaaboftbc_00.mp4,252,0,1,0
/hpc2hdd/home/lsheng847/1122321/FakeVideoDetection/data/DFDC/DFDC_video_seg16s/etdcqxabww_00.mp4,252,0,1,0
/hpc2hdd/home/lsheng847/1122321/FakeVideoDetection/data/DFDC/DFDC_video_seg16s/beyebyhrph_00.mp4,252,1,1,1
/hpc2hdd/home/lsheng847/1122321/FakeVideoDetection/data/DFDC/DFDC_video_seg16s/cppdvdejkc_00.mp4,252,1,1,1
/hpc2hdd/home/lsheng847/1122321/FakeVideoDetection/data/DFDC/DFDC_video_seg16s/bmioepcpsx_00.mp4,252,0,1,0
/hpc2hdd/home/lsheng847/1122321/FakeVideoDetection/data/DFDC/DFDC_video_seg16s/cxrfacemmq_00.mp4,252,0,1,0
/hpc2hdd/home/lsheng847/1122321/FakeVideoDetection/data/DFDC/DFDC_video_seg16s/aettqgevhz_00.mp4,252,0,1,0
/hpc2hdd/home/lsheng847/1122321/FakeVideoDetection/data/DFDC/DFDC_video_seg16s/atxvxouljq_00.mp4,252,0,1,0
/hpc2hdd/home/lsheng847/1122321/FakeVideoDetection/data/DFDC/DFDC_video_seg16s/elvvackpjh_00.mp4,252,0,1,0
/hpc2hdd/home/lsheng847/1122321/FakeVideoDetection/data/DFDC/DFDC_video_seg16s/dzwkmcwkwl_00.mp4,252,0,1,0
/hpc2hdd/home/lsheng847/1122321/FakeVideoDetection/data/DFDC/DFDC_video_seg16s/etmcruaihe_00.mp4,252,0,1,0
/hpc2hdd/home/lsheng847/1122321/FakeVideoDetection/data/DFDC/DFDC_video_seg16s/adylbeequz_00.mp4,252,0,1,0
/hpc2hdd/home/lsheng847/1122321/FakeVideoDetection/data/DFDC/DFDC_video_seg16s/dptbnjnkdg_00.mp4,252,0,1,0
/hpc2hdd/home/lsheng847/1122321/FakeVideoDetection/data/DFDC/DFDC_video_seg16s/afoovlsmtx_00.mp4,252,1,1,1
/hpc2hdd/home/lsheng847/1122321/FakeVideoDetection/data/DFDC/DFDC_video_seg16s/eprybmbpba_00.mp4,252,0,1,0
/hpc2hdd/home/lsheng847/1122321/FakeVideoDetection/data/DFDC/DFDC_video_seg16s/dqswpjoepo_00.mp4,252,0,1,0
/hpc2hdd/home/lsheng847/1122321/FakeVideoDetection/data/DFDC/DFDC_video_seg16s/bmjmjmbglm_00.mp4,252,0,1,0
/hpc2hdd/home/lsheng847/1122321/FakeVideoDetection/data/DFDC/DFDC_video_seg16s/egghxjjmfg_00.mp4,252,1,1,1
/hpc2hdd/home/lsheng847/1122321/FakeVideoDetection/data/DFDC/DFDC_video_seg16s/aufmsmnoye_00.mp4,252,0,1,0
/hpc2hdd/home/lsheng847/1122321/FakeVideoDetection/data/DFDC/DFDC_video_seg16s/ccfoszqabv_00.mp4,252,1,1,1
/hpc2hdd/home/lsheng847/1122321/FakeVideoDetection/data/DFDC/DFDC_video_seg16s/dlpoieqvfb_00.mp4,252,1,1,1
/hpc2hdd/home/lsheng847/1122321/FakeVideoDetection/data/DFDC/DFDC_video_seg16s/ecnihjlfyt_00.mp4,252,0,1,0
/hpc2hdd/home/lsheng847/1122321/FakeVideoDetection/data/DFDC/DFDC_video_seg16s/bmbbkwmxqj_00.mp4,252,0,1,0
/hpc2hdd/home/lsheng847/1122321/FakeVideoDetection/data/DFDC/DFDC_video_seg16s/axwgcsyphv_00.mp4,252,0,1,0
/hpc2hdd/home/lsheng847/1122321/FakeVideoDetection/data/DFDC/DFDC_video_seg16s/dntkzzzcdh_00.mp4,252,0,1,0
/hpc2hdd/home/lsheng847/1122321/FakeVideoDetection/data/DFDC/DFDC_video_seg16s/bggsurpgpr_00.mp4,252,0,1,0
/hpc2hdd/home/lsheng847/1122321/FakeVideoDetection/data/DFDC/DFDC_video_seg16s/aapnvogymq_00.mp4,252,0,1,0
/hpc2hdd/home/lsheng847/1122321/FakeVideoDetection/data/DFDC/DFDC_video_seg16s/asmpfjfzif_00.mp4,252,0,0,0
/hpc2hdd/home/lsheng847/1122321/FakeVideoDetection/data/DFDC/DFDC_video_seg16s/atkdltyyen_00.mp4,252,1,1,1
/hpc2hdd/home/lsheng847/1122321/FakeVideoDetection/data/DFDC/DFDC_video_seg16s/cffffbcywc_00.mp4,252,0,1,0
/hpc2hdd/home/lsheng847/1122321/FakeVideoDetection/data/DFDC/DFDC_video_seg16s/avnqydkqjj_00.mp4,252,0,1,0
/hpc2hdd/home/lsheng847/1122321/FakeVideoDetection/data/DFDC/DFDC_video_seg16s/cksanfsjhc_00.mp4,252,0,1,0
/hpc2hdd/home/lsheng847/1122321/FakeVideoDetection/data/DFDC/DFDC_video_seg16s/dgxrqjdomn_00.mp4,252,0,1,0
/hpc2hdd/home/lsheng847/1122321/FakeVideoDetection/data/DFDC/DFDC_video_seg16s/dxuplhwvig_00.mp4,252,0,1,0
/hpc2hdd/home/lsheng847/1122321/FakeVideoDetection/data/DFDC/DFDC_video_seg16s/cobjrlugvp_00.mp4,252,1,1,1
/hpc2hdd/home/lsheng847/1122321/FakeVideoDetection/data/DFDC/DFDC_video_seg16s/czfunozvwp_00.mp4,252,0,1,0
/hpc2hdd/home/lsheng847/1122321/FakeVideoDetection/data/DFDC/DFDC_video_seg16s/eepezmygaq_00.mp4,252,0,1,0
/hpc2hdd/home/lsheng847/1122321/FakeVideoDetection/data/DFDC/DFDC_video_seg16s/bdnaqemxmr_00.mp4,252,1,1,1
/hpc2hdd/home/lsheng847/1122321/FakeVideoDetection/data/DFDC/DFDC_video_seg16s/bvzjkezkms_00.mp4,252,0,1,0
/hpc2hdd/home/lsheng847/1122321/FakeVideoDetection/data/DFDC/DFDC_video_seg16s/bffwsjxghk_00.mp4,252,1,1,1
/hpc2hdd/home/lsheng847/1122321/FakeVideoDetection/data/DFDC/DFDC_video_seg16s/cwbacdwrzo_00.mp4,252,0,1,0
/hpc2hdd/home/lsheng847/1122321/FakeVideoDetection/data/DFDC/DFDC_video_seg16s/cqrskwiqng_00.mp4,252,0,1,0
/hpc2hdd/home/lsheng847/1122321/FakeVideoDetection/data/DFDC/DFDC_video_seg16s/dhcselezer_00.mp4,252,0,1,0
/hpc2hdd/home/lsheng847/1122321/FakeVideoDetection/data/DFDC/DFDC_video_seg16s/bbhpvrmbse_00.mp4,252,0,1,0
/hpc2hdd/home/lsheng847/1122321/FakeVideoDetection/data/DFDC/DFDC_video_seg16s/esyhwdfnxs_00.mp4,252,0,1,0
/hpc2hdd/home/lsheng847/1122321/FakeVideoDetection/data/DFDC/DFDC_video_seg16s/dbhrpizyeq_00.mp4,252,0,1,0
/hpc2hdd/home/lsheng847/1122321/FakeVideoDetection/data/DFDC/DFDC_video_seg16s/dbhoxkblzx_00.mp4,252,0,1,0
/hpc2hdd/home/lsheng847/1122321/FakeVideoDetection/data/DFDC/DFDC_video_seg16s/awnwkrqibf_00.mp4,252,0,1,0
/hpc2hdd/home/lsheng847/1122321/FakeVideoDetection/data/DFDC/DFDC_video_seg16s/beboztfcme_00.mp4,252,1,1,1
/hpc2hdd/home/lsheng847/1122321/FakeVideoDetection/data/DFDC/DFDC_video_seg16s/dlrsbscitn_00.mp4,252,0,1,0
/hpc2hdd/home/lsheng847/1122321/FakeVideoDetection/data/DFDC/DFDC_video_seg16s/bqkdbcqjvb_00.mp4,252,0,1,0
/hpc2hdd/home/lsheng847/1122321/FakeVideoDetection/data/DFDC/DFDC_video_seg16s/bbvgxeczei_00.mp4,252,0,1,0
/hpc2hdd/home/lsheng847/1122321/FakeVideoDetection/data/DFDC/DFDC_video_seg16s/dboxtiehng_00.mp4,252,0,1,0
/hpc2hdd/home/lsheng847/1122321/FakeVideoDetection/data/DFDC/DFDC_video_seg16s/aslsvlvpth_00.mp4,252,0,1,0
/hpc2hdd/home/lsheng847/1122321/FakeVideoDetection/data/DFDC/DFDC_video_seg16s/arrhsnjqku_00.mp4,252,0,1,0
/hpc2hdd/home/lsheng847/1122321/FakeVideoDetection/data/DFDC/DFDC_video_seg16s/ciyoudyhly_00.mp4,252,1,1,1
/hpc2hdd/home/lsheng847/1122321/FakeVideoDetection/data/DFDC/DFDC_video_seg16s/dqqtjcryjv_00.mp4,252,0,1,0
/hpc2hdd/home/lsheng847/1122321/FakeVideoDetection/data/DFDC/DFDC_video_seg16s/crzfebnfgb_00.mp4,252,0,1,0
/hpc2hdd/home/lsheng847/1122321/FakeVideoDetection/data/DFDC/DFDC_video_seg16s/dkrvorliqc_00.mp4,252,0,1,0
/hpc2hdd/home/lsheng847/1122321/FakeVideoDetection/data/DFDC/DFDC_video_seg16s/cqhngvpgyi_00.mp4,252,0,1,0
/hpc2hdd/home/lsheng847/1122321/FakeVideoDetection/data/DFDC/DFDC_video_seg16s/cepxysienc_00.mp4,252,0,1,0
/hpc2hdd/home/lsheng847/1122321/FakeVideoDetection/data/DFDC/DFDC_video_seg16s/bndybcqhfr_00.mp4,252,0,1,0
/hpc2hdd/home/lsheng847/1122321/FakeVideoDetection/data/DFDC/DFDC_video_seg16s/adohikbdaz_00.mp4,252,0,1,0
/hpc2hdd/home/lsheng847/1122321/FakeVideoDetection/data/DFDC/DFDC_video_seg16s/aladcziidp_00.mp4,252,0,1,0
/hpc2hdd/home/lsheng847/1122321/FakeVideoDetection/data/DFDC/DFDC_video_seg16s/ebkzwjgjhq_00.mp4,252,0,0,0
/hpc2hdd/home/lsheng847/1122321/FakeVideoDetection/data/DFDC/DFDC_video_seg16s/byfenovjnf_00.mp4,252,0,1,0
/hpc2hdd/home/lsheng847/1122321/FakeVideoDetection/data/DFDC/DFDC_video_seg16s/cdyakrxkia_00.mp4,252,0,1,0
/hpc2hdd/home/lsheng847/1122321/FakeVideoDetection/data/DFDC/DFDC_video_seg16s/ehccixxzoe_00.mp4,252,1,1,1
/hpc2hdd/home/lsheng847/1122321/FakeVideoDetection/data/DFDC/DFDC_video_seg16s/cnilkgvfei_00.mp4,252,0,1,0
/hpc2hdd/home/lsheng847/1122321/FakeVideoDetection/data/DFDC/DFDC_video_seg16s/btmsngnqhv_00.mp4,252,0,1,0
/hpc2hdd/home/lsheng847/1122321/FakeVideoDetection/data/DFDC/DFDC_video_seg16s/cfxkpiweqt_00.mp4,252,1,1,1
/hpc2hdd/home/lsheng847/1122321/FakeVideoDetection/data/DFDC/DFDC_video_seg16s/axczxisdtb_00.mp4,252,0,1,0
/hpc2hdd/home/lsheng847/1122321/FakeVideoDetection/data/DFDC/DFDC_video_seg16s/epymyyiblu_00.mp4,252,0,1,0
/hpc2hdd/home/lsheng847/1122321/FakeVideoDetection/data/DFDC/DFDC_video_seg16s/blzydqdfem_00.mp4,252,0,1,0
/hpc2hdd/home/lsheng847/1122321/FakeVideoDetection/data/DFDC/DFDC_video_seg16s/byqzyxifza_00.mp4,252,0,0,0
/hpc2hdd/home/lsheng847/1122321/FakeVideoDetection/data/DFDC/DFDC_video_seg16s/andaxzscny_00.mp4,252,0,1,0
/hpc2hdd/home/lsheng847/1122321/FakeVideoDetection/data/DFDC/DFDC_video_seg16s/czmqpxrqoh_00.mp4,252,0,1,0
/hpc2hdd/home/lsheng847/1122321/FakeVideoDetection/data/DFDC/DFDC_video_seg16s/abarnvbtwb_00.mp4,252,1,1,1
/hpc2hdd/home/lsheng847/1122321/FakeVideoDetection/data/DFDC/DFDC_video_seg16s/ajwpjhrbcv_00.mp4,252,0,1,0
/hpc2hdd/home/lsheng847/1122321/FakeVideoDetection/data/DFDC/DFDC_video_seg16s/chviwxsfhg_00.mp4,252,1,1,1
/hpc2hdd/home/lsheng847/1122321/FakeVideoDetection/data/DFDC/DFDC_video_seg16s/ehieahnhte_00.mp4,252,0,1,0
/hpc2hdd/home/lsheng847/1122321/FakeVideoDetection/data/DFDC/DFDC_video_seg16s/cknyxaqouy_00.mp4,252,0,1,0
/hpc2hdd/home/lsheng847/1122321/FakeVideoDetection/data/DFDC/DFDC_video_seg16s/dsndhujjjb_00.mp4,252,0,1,0
/hpc2hdd/home/lsheng847/1122321/FakeVideoDetection/data/DFDC/DFDC_video_seg16s/cpjxareypw_00.mp4,252,1,1,1
/hpc2hdd/home/lsheng847/1122321/FakeVideoDetection/data/DFDC/DFDC_video_seg16s/avssvvsdhz_00.mp4,252,0,1,0
/hpc2hdd/home/lsheng847/1122321/FakeVideoDetection/data/DFDC/DFDC_video_seg16s/akxoopqjqz_00.mp4,252,0,1,0
/hpc2hdd/home/lsheng847/1122321/FakeVideoDetection/data/DFDC/DFDC_video_seg16s/byyqectxqa_00.mp4,252,0,1,0
/hpc2hdd/home/lsheng847/1122321/FakeVideoDetection/data/DFDC/DFDC_video_seg16s/ehevsxtecd_00.mp4,252,0,1,0
/hpc2hdd/home/lsheng847/1122321/FakeVideoDetection/data/DFDC/DFDC_video_seg16s/acqfdwsrhi_00.mp4,252,0,1,0
/hpc2hdd/home/lsheng847/1122321/FakeVideoDetection/data/DFDC/DFDC_video_seg16s/clrycekyst_00.mp4,252,1,1,1
/hpc2hdd/home/lsheng847/1122321/FakeVideoDetection/data/DFDC/DFDC_video_seg16s/caifxvsozs_00.mp4,252,1,1,1
/hpc2hdd/home/lsheng847/1122321/FakeVideoDetection/data/DFDC/DFDC_video_seg16s/aevrfsexku_00.mp4,252,0,1,0
/hpc2hdd/home/lsheng847/1122321/FakeVideoDetection/data/DFDC/DFDC_video_seg16s/diopzaywor_00.mp4,252,0,1,0
/hpc2hdd/home/lsheng847/1122321/FakeVideoDetection/data/DFDC/DFDC_video_seg16s/igpvrfjdzc_00.mp4,252,1,1,1
/hpc2hdd/home/lsheng847/1122321/FakeVideoDetection/data/DFDC/DFDC_video_seg16s/agrmhtjdlk_00.mp4,252,1,1,1
/hpc2hdd/home/lsheng847/1122321/FakeVideoDetection/data/DFDC/DFDC_video_seg16s/drgjzlxzxj_00.mp4,252,0,1,0
/hpc2hdd/home/lsheng847/1122321/FakeVideoDetection/data/DFDC/DFDC_video_seg16s/bjsmaqefoi_00.mp4,252,0,1,0
/hpc2hdd/home/lsheng847/1122321/FakeVideoDetection/data/DFDC/DFDC_video_seg16s/btjwbtsgln_00.mp4,252,0,1,0
/hpc2hdd/home/lsheng847/1122321/FakeVideoDetection/data/DFDC/DFDC_video_seg16s/asvcrfdpnq_00.mp4,252,0,1,0
/hpc2hdd/home/lsheng847/1122321/FakeVideoDetection/data/DFDC/DFDC_video_seg16s/esckbnkkvb_00.mp4,252,0,1,0
/hpc2hdd/home/lsheng847/1122321/FakeVideoDetection/data/DFDC/DFDC_video_seg16s/bulkxhhknf_00.mp4,252,1,1,1
/hpc2hdd/home/lsheng847/1122321/FakeVideoDetection/data/DFDC/DFDC_video_seg16s/uhakqelqri_00.mp4,252,0,1,0
/hpc2hdd/home/lsheng847/1122321/FakeVideoDetection/data/DFDC/DFDC_video_seg16s/bntlodcfeg_00.mp4,252,0,1,0
/hpc2hdd/home/lsheng847/1122321/FakeVideoDetection/data/DFDC/DFDC_video_seg16s/bsfmwclnqy_00.mp4,252,0,1,0
/hpc2hdd/home/lsheng847/1122321/FakeVideoDetection/data/DFDC/DFDC_video_seg16s/usqqvxcjmg_00.mp4,252,0,1,0
/hpc2hdd/home/lsheng847/1122321/FakeVideoDetection/data/DFDC/DFDC_video_seg16s/drcyabprvt_00.mp4,252,1,1,1
/hpc2hdd/home/lsheng847/1122321/FakeVideoDetection/data/DFDC/DFDC_video_seg16s/qlvsqdroqo_00.mp4,252,0,0,0
/hpc2hdd/home/lsheng847/1122321/FakeVideoDetection/data/DFDC/DFDC_video_seg16s/eqvuznuwsa_00.mp4,252,0,1,0
/hpc2hdd/home/lsheng847/1122321/FakeVideoDetection/data/DFDC/DFDC_video_seg16s/brhalypwoo_00.mp4,252,0,1,0
/hpc2hdd/home/lsheng847/1122321/FakeVideoDetection/data/DFDC/DFDC_video_seg16s/cprhtltsjp_00.mp4,252,1,1,1
/hpc2hdd/home/lsheng847/1122321/FakeVideoDetection/data/DFDC/DFDC_video_seg16s/bpwzipqtxf_00.mp4,252,0,1,0
/hpc2hdd/home/lsheng847/1122321/FakeVideoDetection/data/DFDC/DFDC_video_seg16s/emfbhytfhc_00.mp4,252,0,1,0
/hpc2hdd/home/lsheng847/1122321/FakeVideoDetection/data/DFDC/DFDC_video_seg16s/pcyswtgick_00.mp4,252,0,1,0
/hpc2hdd/home/lsheng847/1122321/FakeVideoDetection/data/DFDC/DFDC_video_seg16s/aipfdnwpoo_00.mp4,252,0,1,0
/hpc2hdd/home/lsheng847/1122321/FakeVideoDetection/data/DFDC/DFDC_video_seg16s/viteugozpv_00.mp4,252,1,1,1
/hpc2hdd/home/lsheng847/1122321/FakeVideoDetection/data/DFDC/DFDC_video_seg16s/hnfwagcxdf_00.mp4,252,0,1,0
/hpc2hdd/home/lsheng847/1122321/FakeVideoDetection/data/DFDC/DFDC_video_seg16s/ylxwcwhjjd_00.mp4,252,1,1,1
/hpc2hdd/home/lsheng847/1122321/FakeVideoDetection/data/DFDC/DFDC_video_seg16s/ecwaxgutkc_00.mp4,252,0,1,0
/hpc2hdd/home/lsheng847/1122321/FakeVideoDetection/data/DFDC/DFDC_video_seg16s/ahfazfbntc_00.mp4,252,0,1,0
/hpc2hdd/home/lsheng847/1122321/FakeVideoDetection/data/DFDC/DFDC_video_seg16s/dakiztgtnw_00.mp4,252,1,1,1
/hpc2hdd/home/lsheng847/1122321/FakeVideoDetection/data/DFDC/DFDC_video_seg16s/aytzyidmgs_00.mp4,252,1,1,1
/hpc2hdd/home/lsheng847/1122321/FakeVideoDetection/data/DFDC/DFDC_video_seg16s/ecumyiowzs_00.mp4,252,0,1,0
/hpc2hdd/home/lsheng847/1122321/FakeVideoDetection/data/DFDC/DFDC_video_seg16s/txmnoyiyte_00.mp4,252,0,1,0
/hpc2hdd/home/lsheng847/1122321/FakeVideoDetection/data/DFDC/DFDC_video_seg16s/eqnoqyfquo_00.mp4,252,1,1,1
/hpc2hdd/home/lsheng847/1122321/FakeVideoDetection/data/DFDC/DFDC_video_seg16s/bxzakyopjf_00.mp4,252,1,1,1
/hpc2hdd/home/lsheng847/1122321/FakeVideoDetection/data/DFDC/DFDC_video_seg16s/axntxmycwd_00.mp4,252,1,1,1
/hpc2hdd/home/lsheng847/1122321/FakeVideoDetection/data/DFDC/DFDC_video_seg16s/hszwwswewp_00.mp4,252,1,1,1
/hpc2hdd/home/lsheng847/1122321/FakeVideoDetection/data/DFDC/DFDC_video_seg16s/xugmhbetrw_00.mp4,252,1,1,1
/hpc2hdd/home/lsheng847/1122321/FakeVideoDetection/data/DFDC/DFDC_video_seg16s/apgjqzkoma_00.mp4,252,0,1,0
/hpc2hdd/home/lsheng847/1122321/FakeVideoDetection/data/DFDC/DFDC_video_seg16s/brwrlczjvi_00.mp4,252,1,1,1
/hpc2hdd/home/lsheng847/1122321/FakeVideoDetection/data/DFDC/DFDC_video_seg16s/azpuxunqyo_00.mp4,252,0,1,0
/hpc2hdd/home/lsheng847/1122321/FakeVideoDetection/data/DFDC/DFDC_video_seg16s/amowujxmzc_00.mp4,252,0,1,0
/hpc2hdd/home/lsheng847/1122321/FakeVideoDetection/data/DFDC/DFDC_video_seg16s/dyjklprkoc_00.mp4,252,0,1,0
/hpc2hdd/home/lsheng847/1122321/FakeVideoDetection/data/DFDC/DFDC_video_seg16s/avtycwsgyb_00.mp4,252,0,1,0
/hpc2hdd/home/lsheng847/1122321/FakeVideoDetection/data/DFDC/DFDC_video_seg16s/ypbtpunjvm_00.mp4,252,1,1,1
/hpc2hdd/home/lsheng847/1122321/FakeVideoDetection/data/DFDC/DFDC_video_seg16s/sjinmmbipg_00.mp4,252,0,0,0
/hpc2hdd/home/lsheng847/1122321/FakeVideoDetection/data/DFDC/DFDC_video_seg16s/arlmiizoob_00.mp4,252,0,1,0
/hpc2hdd/home/lsheng847/1122321/FakeVideoDetection/data/DFDC/DFDC_video_seg16s/ceymbecxnj_00.mp4,252,0,0,0
/hpc2hdd/home/lsheng847/1122321/FakeVideoDetection/data/DFDC/DFDC_video_seg16s/qooxnxqqjb_00.mp4,252,1,1,1
/hpc2hdd/home/lsheng847/1122321/FakeVideoDetection/data/DFDC/DFDC_video_seg16s/aknmpoonls_00.mp4,252,0,1,0
/hpc2hdd/home/lsheng847/1122321/FakeVideoDetection/data/DFDC/DFDC_video_seg16s/aczrgyricp_00.mp4,252,0,1,0
/hpc2hdd/home/lsheng847/1122321/FakeVideoDetection/data/DFDC/DFDC_video_seg16s/rerpivllud_00.mp4,252,0,1,0
/hpc2hdd/home/lsheng847/1122321/FakeVideoDetection/data/DFDC/DFDC_video_seg16s/dhcndnuwta_00.mp4,252,1,1,1
/hpc2hdd/home/lsheng847/1122321/FakeVideoDetection/data/DFDC/DFDC_video_seg16s/bahdpoesir_00.mp4,252,0,1,0
/hpc2hdd/home/lsheng847/1122321/FakeVideoDetection/data/DFDC/DFDC_video_seg16s/yoyhmxtrys_00.mp4,252,0,1,0
/hpc2hdd/home/lsheng847/1122321/FakeVideoDetection/data/DFDC/DFDC_video_seg16s/ehdkmxgtxh_00.mp4,252,0,1,0
/hpc2hdd/home/lsheng847/1122321/FakeVideoDetection/data/DFDC/DFDC_video_seg16s/wadvzjhwtw_00.mp4,252,1,1,1
/hpc2hdd/home/lsheng847/1122321/FakeVideoDetection/data/DFDC/DFDC_video_seg16s/cyboodqqyr_00.mp4,252,0,1,0
/hpc2hdd/home/lsheng847/1122321/FakeVideoDetection/data/DFDC/DFDC_video_seg16s/gbnzicjyhz_00.mp4,252,0,1,0
/hpc2hdd/home/lsheng847/1122321/FakeVideoDetection/data/DFDC/DFDC_video_seg16s/bwhlgysghg_00.mp4,252,1,1,1
/hpc2hdd/home/lsheng847/1122321/FakeVideoDetection/data/DFDC/DFDC_video_seg16s/yxvmusxvcz_00.mp4,252,1,1,1
/hpc2hdd/home/lsheng847/1122321/FakeVideoDetection/data/DFDC/DFDC_video_seg16s/adhsbajydo_00.mp4,252,0,1,0
/hpc2hdd/home/lsheng847/1122321/FakeVideoDetection/data/DFDC/DFDC_video_seg16s/yiykshcbaz_00.mp4,252,1,1,1
/hpc2hdd/home/lsheng847/1122321/FakeVideoDetection/data/DFDC/DFDC_video_seg16s/eebrkicpry_00.mp4,252,0,1,0
/hpc2hdd/home/lsheng847/1122321/FakeVideoDetection/data/DFDC/DFDC_video_seg16s/edyncaijwx_00.mp4,252,1,1,1
/hpc2hdd/home/lsheng847/1122321/FakeVideoDetection/data/DFDC/DFDC_video_seg16s/okgelildpc_00.mp4,252,0,1,0
/hpc2hdd/home/lsheng847/1122321/FakeVideoDetection/data/DFDC/DFDC_video_seg16s/ckjaibzfxa_00.mp4,252,1,1,1
/hpc2hdd/home/lsheng847/1122321/FakeVideoDetection/data/DFDC/DFDC_video_seg16s/btiysiskpf_00.mp4,252,0,1,0
/hpc2hdd/home/lsheng847/1122321/FakeVideoDetection/data/DFDC/DFDC_video_seg16s/qyyhuvqmyf_00.mp4,252,0,1,0
/hpc2hdd/home/lsheng847/1122321/FakeVideoDetection/data/DFDC/DFDC_video_seg16s/ytopzxrswu_00.mp4,252,0,1,0
/hpc2hdd/home/lsheng847/1122321/FakeVideoDetection/data/DFDC/DFDC_video_seg16s/coqwgzpbhx_00.mp4,252,0,1,0
/hpc2hdd/home/lsheng847/1122321/FakeVideoDetection/data/DFDC/DFDC_video_seg16s/esxrvsgpvb_00.mp4,252,0,1,0
/hpc2hdd/home/lsheng847/1122321/FakeVideoDetection/data/DFDC/DFDC_video_seg16s/pdufsewrec_00.mp4,252,1,1,1
/hpc2hdd/home/lsheng847/1122321/FakeVideoDetection/data/DFDC/DFDC_video_seg16s/zcxcmneefk_00.mp4,252,0,1,0
/hpc2hdd/home/lsheng847/1122321/FakeVideoDetection/data/DFDC/DFDC_video_seg16s/dsdoseflas_00.mp4,252,0,1,0
/hpc2hdd/home/lsheng847/1122321/FakeVideoDetection/data/DFDC/DFDC_video_seg16s/wcqvzujamg_00.mp4,252,1,1,1
/hpc2hdd/home/lsheng847/1122321/FakeVideoDetection/data/DFDC/DFDC_video_seg16s/bnjcdrfuov_00.mp4,252,0,1,0
/hpc2hdd/home/lsheng847/1122321/FakeVideoDetection/data/DFDC/DFDC_video_seg16s/vwxednhlwz_00.mp4,252,0,1,0
/hpc2hdd/home/lsheng847/1122321/FakeVideoDetection/data/DFDC/DFDC_video_seg16s/eeyhxisdfh_00.mp4,252,0,1,0
/hpc2hdd/home/lsheng847/1122321/FakeVideoDetection/data/DFDC/DFDC_video_seg16s/mxlipjhmqk_00.mp4,252,1,1,1
/hpc2hdd/home/lsheng847/1122321/FakeVideoDetection/data/DFDC/DFDC_video_seg16s/dcqodpzomd_00.mp4,252,0,1,0
/hpc2hdd/home/lsheng847/1122321/FakeVideoDetection/data/DFDC/DFDC_video_seg16s/bnuwxhfahw_00.mp4,252,1,1,1
/hpc2hdd/home/lsheng847/1122321/FakeVideoDetection/data/DFDC/DFDC_video_seg16s/dnmowthjcj_00.mp4,252,1,1,1
/hpc2hdd/home/lsheng847/1122321/FakeVideoDetection/data/DFDC/DFDC_video_seg16s/bfjsthfhbd_00.mp4,252,1,1,1
/hpc2hdd/home/lsheng847/1122321/FakeVideoDetection/data/DFDC/DFDC_video_seg16s/avgiuextiz_00.mp4,252,0,1,0
/hpc2hdd/home/lsheng847/1122321/FakeVideoDetection/data/DFDC/DFDC_video_seg16s/diuzrpqjli_00.mp4,252,0,1,0
/hpc2hdd/home/lsheng847/1122321/FakeVideoDetection/data/DFDC/DFDC_video_seg16s/bcvheslzrq_00.mp4,252,0,1,0
/hpc2hdd/home/lsheng847/1122321/FakeVideoDetection/data/DFDC/DFDC_video_seg16s/rklawjhbpv_00.mp4,252,0,1,0
/hpc2hdd/home/lsheng847/1122321/FakeVideoDetection/data/DFDC/DFDC_video_seg16s/akzbnazxtz_00.mp4,252,0,1,0
/hpc2hdd/home/lsheng847/1122321/FakeVideoDetection/data/DFDC/DFDC_video_seg16s/keioymnobc_00.mp4,252,1,1,1
/hpc2hdd/home/lsheng847/1122321/FakeVideoDetection/data/DFDC/DFDC_video_seg16s/ebchwmwayp_00.mp4,252,0,1,0
/hpc2hdd/home/lsheng847/1122321/FakeVideoDetection/data/DFDC/DFDC_video_seg16s/cqhwesrciw_00.mp4,252,0,1,0
/hpc2hdd/home/lsheng847/1122321/FakeVideoDetection/data/DFDC/DFDC_video_seg16s/kvmpmhdxly_00.mp4,252,1,1,1
/hpc2hdd/home/lsheng847/1122321/FakeVideoDetection/data/DFDC/DFDC_video_seg16s/wmoqzxddkb_00.mp4,252,1,1,1
/hpc2hdd/home/lsheng847/1122321/FakeVideoDetection/data/DFDC/DFDC_video_seg16s/hzoiotcykp_00.mp4,252,0,1,0
/hpc2hdd/home/lsheng847/1122321/FakeVideoDetection/data/DFDC/DFDC_video_seg16s/yqhouqakbx_00.mp4,252,0,0,0
/hpc2hdd/home/lsheng847/1122321/FakeVideoDetection/data/DFDC/DFDC_video_seg16s/cnpanmywno_00.mp4,252,1,1,1
/hpc2hdd/home/lsheng847/1122321/FakeVideoDetection/data/DFDC/DFDC_video_seg16s/gfdjzwnpyp_00.mp4,252,0,1,0
/hpc2hdd/home/lsheng847/1122321/FakeVideoDetection/data/DFDC/DFDC_video_seg16s/zyufpqvpyu_00.mp4,252,0,1,0
/hpc2hdd/home/lsheng847/1122321/FakeVideoDetection/data/DFDC/DFDC_video_seg16s/hcanfkwivl_00.mp4,252,0,1,0
/hpc2hdd/home/lsheng847/1122321/FakeVideoDetection/data/DFDC/DFDC_video_seg16s/qswlzfgcgj_00.mp4,252,1,1,1
/hpc2hdd/home/lsheng847/1122321/FakeVideoDetection/data/DFDC/DFDC_video_seg16s/lbigytrrtr_00.mp4,252,1,1,1
/hpc2hdd/home/lsheng847/1122321/FakeVideoDetection/data/DFDC/DFDC_video_seg16s/boovltmuwi_00.mp4,252,0,1,0
/hpc2hdd/home/lsheng847/1122321/FakeVideoDetection/data/DFDC/DFDC_video_seg16s/bjyaxvggle_00.mp4,252,0,0,0
/hpc2hdd/home/lsheng847/1122321/FakeVideoDetection/data/DFDC/DFDC_video_seg16s/uvrzaczrbx_00.mp4,252,1,1,1
/hpc2hdd/home/lsheng847/1122321/FakeVideoDetection/data/DFDC/DFDC_video_seg16s/cmxcfkrjiv_00.mp4,252,0,1,0
/hpc2hdd/home/lsheng847/1122321/FakeVideoDetection/data/DFDC/DFDC_video_seg16s/uoccaiathd_00.mp4,252,0,1,0
/hpc2hdd/home/lsheng847/1122321/FakeVideoDetection/data/DFDC/DFDC_video_seg16s/hbufmvbium_00.mp4,252,1,1,1
/hpc2hdd/home/lsheng847/1122321/FakeVideoDetection/data/DFDC/DFDC_video_seg16s/fopjiyxiqd_00.mp4,252,1,1,1
/hpc2hdd/home/lsheng847/1122321/FakeVideoDetection/data/DFDC/DFDC_video_seg16s/gochxzemmq_00.mp4,252,1,1,1
/hpc2hdd/home/lsheng847/1122321/FakeVideoDetection/data/DFDC/DFDC_video_seg16s/xphdfgmfmz_00.mp4,252,0,1,0
/hpc2hdd/home/lsheng847/1122321/FakeVideoDetection/data/DFDC/DFDC_video_seg16s/cxsvvnxpyz_00.mp4,252,1,1,1
/hpc2hdd/home/lsheng847/1122321/FakeVideoDetection/data/DFDC/DFDC_video_seg16s/vajkicalux_00.mp4,252,1,1,1
/hpc2hdd/home/lsheng847/1122321/FakeVideoDetection/data/DFDC/DFDC_video_seg16s/omphqltjdd_00.mp4,252,1,1,1
/hpc2hdd/home/lsheng847/1122321/FakeVideoDetection/data/DFDC/DFDC_video_seg16s/rukyxomwcx_00.mp4,252,1,1,1
/hpc2hdd/home/lsheng847/1122321/FakeVideoDetection/data/DFDC/DFDC_video_seg16s/augtsuxpzc_00.mp4,252,0,1,0
/hpc2hdd/home/lsheng847/1122321/FakeVideoDetection/data/DFDC/DFDC_video_seg16s/ywauoonmlr_00.mp4,252,1,1,1
/hpc2hdd/home/lsheng847/1122321/FakeVideoDetection/data/DFDC/DFDC_video_seg16s/alrtntfxtd_00.mp4,252,0,1,0
/hpc2hdd/home/lsheng847/1122321/FakeVideoDetection/data/DFDC/DFDC_video_seg16s/ejkqesyvam_00.mp4,252,0,1,0
/hpc2hdd/home/lsheng847/1122321/FakeVideoDetection/data/DFDC/DFDC_video_seg16s/pdswwyyntw_00.mp4,252,1,1,1
/hpc2hdd/home/lsheng847/1122321/FakeVideoDetection/data/DFDC/DFDC_video_seg16s/jawgcggquk_00.mp4,252,1,1,1
/hpc2hdd/home/lsheng847/1122321/FakeVideoDetection/data/DFDC/DFDC_video_seg16s/fjrueenjyp_00.mp4,252,0,1,0
/hpc2hdd/home/lsheng847/1122321/FakeVideoDetection/data/DFDC/DFDC_video_seg16s/jzmzdispyo_00.mp4,252,1,1,1
/hpc2hdd/home/lsheng847/1122321/FakeVideoDetection/data/DFDC/DFDC_video_seg16s/esjdyghhog_00.mp4,252,0,1,0
/hpc2hdd/home/lsheng847/1122321/FakeVideoDetection/data/DFDC/DFDC_video_seg16s/aktnlyqpah_00.mp4,252,0,0,0
/hpc2hdd/home/lsheng847/1122321/FakeVideoDetection/data/DFDC/DFDC_video_seg16s/prhmixykhr_00.mp4,252,0,1,0
/hpc2hdd/home/lsheng847/1122321/FakeVideoDetection/data/DFDC/DFDC_video_seg16s/bqdjzqhcft_00.mp4,252,0,1,0
/hpc2hdd/home/lsheng847/1122321/FakeVideoDetection/data/DFDC/DFDC_video_seg16s/wfzjxzhdkj_00.mp4,252,1,1,1
/hpc2hdd/home/lsheng847/1122321/FakeVideoDetection/data/DFDC/DFDC_video_seg16s/rfwxcinshk_00.mp4,252,0,1,0
/hpc2hdd/home/lsheng847/1122321/FakeVideoDetection/data/DFDC/DFDC_video_seg16s/btdxnajogv_00.mp4,252,1,1,1
/hpc2hdd/home/lsheng847/1122321/FakeVideoDetection/data/DFDC/DFDC_video_seg16s/rtpbawlmxr_00.mp4,252,0,1,0
/hpc2hdd/home/lsheng847/1122321/FakeVideoDetection/data/DFDC/DFDC_video_seg16s/dozjwhnedd_00.mp4,252,0,1,0
/hpc2hdd/home/lsheng847/1122321/FakeVideoDetection/data/DFDC/DFDC_video_seg16s/xdezcezszc_00.mp4,252,1,1,1
/hpc2hdd/home/lsheng847/1122321/FakeVideoDetection/data/DFDC/DFDC_video_seg16s/mnowxangqx_00.mp4,252,0,1,0
/hpc2hdd/home/lsheng847/1122321/FakeVideoDetection/data/DFDC/DFDC_video_seg16s/fjxovgmwnm_00.mp4,252,1,1,1
/hpc2hdd/home/lsheng847/1122321/FakeVideoDetection/data/DFDC/DFDC_video_seg16s/psesikjaxx_00.mp4,252,1,1,1
/hpc2hdd/home/lsheng847/1122321/FakeVideoDetection/data/DFDC/DFDC_video_seg16s/fddmkqjwsh_00.mp4,252,0,1,0
/hpc2hdd/home/lsheng847/1122321/FakeVideoDetection/data/DFDC/DFDC_video_seg16s/eejswgycjc_00.mp4,252,0,1,0
/hpc2hdd/home/lsheng847/1122321/FakeVideoDetection/data/DFDC/DFDC_video_seg16s/temeqbmzxu_00.mp4,252,0,1,0
/hpc2hdd/home/lsheng847/1122321/FakeVideoDetection/data/DFDC/DFDC_video_seg16s/gfgcwxkbjd_00.mp4,252,1,1,1
/hpc2hdd/home/lsheng847/1122321/FakeVideoDetection/data/DFDC/DFDC_video_seg16s/sktpeppbkc_00.mp4,252,0,1,0
/hpc2hdd/home/lsheng847/1122321/FakeVideoDetection/data/DFDC/DFDC_video_seg16s/hsbljbsgxr_00.mp4,252,0,1,0
/hpc2hdd/home/lsheng847/1122321/FakeVideoDetection/data/DFDC/DFDC_video_seg16s/ooafcxxfrs_00.mp4,252,1,1,1
/hpc2hdd/home/lsheng847/1122321/FakeVideoDetection/data/DFDC/DFDC_video_seg16s/axfhbpkdlc_00.mp4,252,0,1,0
/hpc2hdd/home/lsheng847/1122321/FakeVideoDetection/data/DFDC/DFDC_video_seg16s/hicjuubiau_00.mp4,252,1,1,1
/hpc2hdd/home/lsheng847/1122321/FakeVideoDetection/data/DFDC/DFDC_video_seg16s/vjljdfopjg_00.mp4,252,0,1,0
/hpc2hdd/home/lsheng847/1122321/FakeVideoDetection/data/DFDC/DFDC_video_seg16s/doniqevxeg_00.mp4,252,1,1,1
/hpc2hdd/home/lsheng847/1122321/FakeVideoDetection/data/DFDC/DFDC_video_seg16s/nwvsbmyndn_00.mp4,252,1,1,1
/hpc2hdd/home/lsheng847/1122321/FakeVideoDetection/data/DFDC/DFDC_video_seg16s/petmyhjclt_00.mp4,252,0,1,0
/hpc2hdd/home/lsheng847/1122321/FakeVideoDetection/data/DFDC/DFDC_video_seg16s/dxgnpnowgk_00.mp4,252,1,1,1
/hpc2hdd/home/lsheng847/1122321/FakeVideoDetection/data/DFDC/DFDC_video_seg16s/vnlzxqwthl_00.mp4,252,1,1,1
/hpc2hdd/home/lsheng847/1122321/FakeVideoDetection/data/DFDC/DFDC_video_seg16s/temjefwaas_00.mp4,252,0,1,0
/hpc2hdd/home/lsheng847/1122321/FakeVideoDetection/data/DFDC/DFDC_video_seg16s/oysopgovhu_00.mp4,252,0,1,0
/hpc2hdd/home/lsheng847/1122321/FakeVideoDetection/data/DFDC/DFDC_video_seg16s/prwsfljdjo_00.mp4,252,1,1,1
/hpc2hdd/home/lsheng847/1122321/FakeVideoDetection/data/DFDC/DFDC_video_seg16s/ljauauuyka_00.mp4,252,1,1,1
/hpc2hdd/home/lsheng847/1122321/FakeVideoDetection/data/DFDC/DFDC_video_seg16s/ryxaqpfubf_00.mp4,252,0,1,0
/hpc2hdd/home/lsheng847/1122321/FakeVideoDetection/data/DFDC/DFDC_video_seg16s/mwnibuujwz_00.mp4,252,1,1,1
/hpc2hdd/home/lsheng847/1122321/FakeVideoDetection/data/DFDC/DFDC_video_seg16s/lbfqksftuo_00.mp4,252,0,1,0
/hpc2hdd/home/lsheng847/1122321/FakeVideoDetection/data/DFDC/DFDC_video_seg16s/rmlzgerevr_00.mp4,252,1,1,1
/hpc2hdd/home/lsheng847/1122321/FakeVideoDetection/data/DFDC/DFDC_video_seg16s/ztyuiqrhdk_00.mp4,252,1,1,1
/hpc2hdd/home/lsheng847/1122321/FakeVideoDetection/data/DFDC/DFDC_video_seg16s/bzvzpwrabw_00.mp4,252,0,1,0
/hpc2hdd/home/lsheng847/1122321/FakeVideoDetection/data/DFDC/DFDC_video_seg16s/gpsxfxrjrr_00.mp4,252,1,1,1
/hpc2hdd/home/lsheng847/1122321/FakeVideoDetection/data/DFDC/DFDC_video_seg16s/bvpeerislp_00.mp4,252,1,1,1
/hpc2hdd/home/lsheng847/1122321/FakeVideoDetection/data/DFDC/DFDC_video_seg16s/papagllumt_00.mp4,252,1,1,1
/hpc2hdd/home/lsheng847/1122321/FakeVideoDetection/data/DFDC/DFDC_video_seg16s/owaogcehvc_00.mp4,252,0,1,0
/hpc2hdd/home/lsheng847/1122321/FakeVideoDetection/data/DFDC/DFDC_video_seg16s/hierggamuo_00.mp4,252,1,1,1
/hpc2hdd/home/lsheng847/1122321/FakeVideoDetection/data/DFDC/DFDC_video_seg16s/novarhxpbj_00.mp4,252,1,1,1
/hpc2hdd/home/lsheng847/1122321/FakeVideoDetection/data/DFDC/DFDC_video_seg16s/famlupsgqm_00.mp4,252,0,1,0
/hpc2hdd/home/lsheng847/1122321/FakeVideoDetection/data/DFDC/DFDC_video_seg16s/wqysrieiqu_00.mp4,252,1,1,1
/hpc2hdd/home/lsheng847/1122321/FakeVideoDetection/data/DFDC/DFDC_video_seg16s/orixbcfvdz_00.mp4,252,0,1,0
/hpc2hdd/home/lsheng847/1122321/FakeVideoDetection/data/DFDC/DFDC_video_seg16s/yietrwuncf_00.mp4,252,1,1,1
/hpc2hdd/home/lsheng847/1122321/FakeVideoDetection/data/DFDC/DFDC_video_seg16s/rxdoimqble_00.mp4,252,1,1,1
/hpc2hdd/home/lsheng847/1122321/FakeVideoDetection/data/DFDC/DFDC_video_seg16s/icbsahlivv_00.mp4,252,0,1,0
/hpc2hdd/home/lsheng847/1122321/FakeVideoDetection/data/DFDC/DFDC_video_seg16s/mxahsihabr_00.mp4,252,0,0,0
/hpc2hdd/home/lsheng847/1122321/FakeVideoDetection/data/DFDC/DFDC_video_seg16s/yaxgpxhavq_00.mp4,252,0,1,0
/hpc2hdd/home/lsheng847/1122321/FakeVideoDetection/data/DFDC/DFDC_video_seg16s/tyjpjpglgx_00.mp4,252,1,1,1
/hpc2hdd/home/lsheng847/1122321/FakeVideoDetection/data/DFDC/DFDC_video_seg16s/sfsayjgzrh_00.mp4,252,1,1,1
/hpc2hdd/home/lsheng847/1122321/FakeVideoDetection/data/DFDC/DFDC_video_seg16s/nkhzxomani_00.mp4,252,0,1,0
/hpc2hdd/home/lsheng847/1122321/FakeVideoDetection/data/DFDC/DFDC_video_seg16s/cjkctqqakb_00.mp4,252,0,1,0
/hpc2hdd/home/lsheng847/1122321/FakeVideoDetection/data/DFDC/DFDC_video_seg16s/mohiqoogpb_00.mp4,252,1,1,1
/hpc2hdd/home/lsheng847/1122321/FakeVideoDetection/data/DFDC/DFDC_video_seg16s/jiswxuqzyz_00.mp4,252,1,1,1
/hpc2hdd/home/lsheng847/1122321/FakeVideoDetection/data/DFDC/DFDC_video_seg16s/ghnpsltzyn_00.mp4,252,0,1,0
/hpc2hdd/home/lsheng847/1122321/FakeVideoDetection/data/DFDC/DFDC_video_seg16s/rvvpazsffd_00.mp4,252,0,1,0
/hpc2hdd/home/lsheng847/1122321/FakeVideoDetection/data/DFDC/DFDC_video_seg16s/voawxrmqyl_00.mp4,252,0,1,0
/hpc2hdd/home/lsheng847/1122321/FakeVideoDetection/data/DFDC/DFDC_video_seg16s/hqzwudvhih_00.mp4,252,0,1,0
/hpc2hdd/home/lsheng847/1122321/FakeVideoDetection/data/DFDC/DFDC_video_seg16s/gqnaxievjx_00.mp4,252,0,1,0
/hpc2hdd/home/lsheng847/1122321/FakeVideoDetection/data/DFDC/DFDC_video_seg16s/lnjkpdviqb_00.mp4,252,1,1,1
/hpc2hdd/home/lsheng847/1122321/FakeVideoDetection/data/DFDC/DFDC_video_seg16s/dkuqbduxev_00.mp4,252,0,1,0
/hpc2hdd/home/lsheng847/1122321/FakeVideoDetection/data/DFDC/DFDC_video_seg16s/toinozytsp_00.mp4,252,0,1,0
/hpc2hdd/home/lsheng847/1122321/FakeVideoDetection/data/DFDC/DFDC_video_seg16s/wynotylpnm_00.mp4,252,1,1,1
/hpc2hdd/home/lsheng847/1122321/FakeVideoDetection/data/DFDC/DFDC_video_seg16s/vokrpfjpeb_00.mp4,252,1,1,1
/hpc2hdd/home/lsheng847/1122321/FakeVideoDetection/data/DFDC/DFDC_video_seg16s/jyoxdvxpza_00.mp4,252,1,1,1
/hpc2hdd/home/lsheng847/1122321/FakeVideoDetection/data/DFDC/DFDC_video_seg16s/blszgmxkvu_00.mp4,252,1,1,1
/hpc2hdd/home/lsheng847/1122321/FakeVideoDetection/data/DFDC/DFDC_video_seg16s/ucthmsajay_00.mp4,252,1,1,1
/hpc2hdd/home/lsheng847/1122321/FakeVideoDetection/data/DFDC/DFDC_video_seg16s/coujjnypba_00.mp4,252,0,1,0
/hpc2hdd/home/lsheng847/1122321/FakeVideoDetection/data/DFDC/DFDC_video_seg16s/eywdmustbb_00.mp4,252,0,1,0
/hpc2hdd/home/lsheng847/1122321/FakeVideoDetection/data/DFDC/DFDC_video_seg16s/dtozwcapoa_00.mp4,252,1,1,1
/hpc2hdd/home/lsheng847/1122321/FakeVideoDetection/data/DFDC/DFDC_video_seg16s/oocincvedt_00.mp4,252,1,1,1
/hpc2hdd/home/lsheng847/1122321/FakeVideoDetection/data/DFDC/DFDC_video_seg16s/sjkfxrlxxs_00.mp4,252,0,1,0
/hpc2hdd/home/lsheng847/1122321/FakeVideoDetection/data/DFDC/DFDC_video_seg16s/xjvxtuakyd_00.mp4,252,0,1,0
/hpc2hdd/home/lsheng847/1122321/FakeVideoDetection/data/DFDC/DFDC_video_seg16s/bdshuoldwx_00.mp4,252,0,1,0
/hpc2hdd/home/lsheng847/1122321/FakeVideoDetection/data/DFDC/DFDC_video_seg16s/nwvloufjty_00.mp4,252,0,1,0
/hpc2hdd/home/lsheng847/1122321/FakeVideoDetection/data/DFDC/DFDC_video_seg16s/qhsehzgxqj_00.mp4,252,0,1,0
/hpc2hdd/home/lsheng847/1122321/FakeVideoDetection/data/DFDC/DFDC_video_seg16s/ilqwcbprqa_00.mp4,252,1,1,1
/hpc2hdd/home/lsheng847/1122321/FakeVideoDetection/data/DFDC/DFDC_video_seg16s/kwfdyqofzw_00.mp4,252,1,1,1
/hpc2hdd/home/lsheng847/1122321/FakeVideoDetection/data/DFDC/DFDC_video_seg16s/jhczqfefgw_00.mp4,252,0,1,0
/hpc2hdd/home/lsheng847/1122321/FakeVideoDetection/data/DFDC/DFDC_video_seg16s/swsaoktwgi_00.mp4,252,0,1,0
/hpc2hdd/home/lsheng847/1122321/FakeVideoDetection/data/DFDC/DFDC_video_seg16s/zuwwbbusgl_00.mp4,252,1,1,1
/hpc2hdd/home/lsheng847/1122321/FakeVideoDetection/data/DFDC/DFDC_video_seg16s/gfcycflhbo_00.mp4,252,0,1,0
/hpc2hdd/home/lsheng847/1122321/FakeVideoDetection/data/DFDC/DFDC_video_seg16s/wcssbghcpc_00.mp4,252,0,1,0
/hpc2hdd/home/lsheng847/1122321/FakeVideoDetection/data/DFDC/DFDC_video_seg16s/njzshtfmcw_00.mp4,252,0,1,0
/hpc2hdd/home/lsheng847/1122321/FakeVideoDetection/data/DFDC/DFDC_video_seg16s/ndikguxzek_00.mp4,252,0,1,0
/hpc2hdd/home/lsheng847/1122321/FakeVideoDetection/data/DFDC/DFDC_video_seg16s/snlyjbnpgw_00.mp4,252,0,1,0
/hpc2hdd/home/lsheng847/1122321/FakeVideoDetection/data/DFDC/DFDC_video_seg16s/qhkzlnzruj_00.mp4,252,1,1,1
/hpc2hdd/home/lsheng847/1122321/FakeVideoDetection/data/DFDC/DFDC_video_seg16s/lhvjzhjxdp_00.mp4,252,0,1,0
/hpc2hdd/home/lsheng847/1122321/FakeVideoDetection/data/DFDC/DFDC_video_seg16s/zbgssotnjm_00.mp4,252,1,1,1
/hpc2hdd/home/lsheng847/1122321/FakeVideoDetection/data/DFDC/DFDC_video_seg16s/pxcfrszlgi_00.mp4,252,1,1,1
/hpc2hdd/home/lsheng847/1122321/FakeVideoDetection/data/DFDC/DFDC_video_seg16s/cekarydqba_00.mp4,252,1,1,1
/hpc2hdd/home/lsheng847/1122321/FakeVideoDetection/data/DFDC/DFDC_video_seg16s/sqixhnilfm_00.mp4,252,0,1,0
/hpc2hdd/home/lsheng847/1122321/FakeVideoDetection/data/DFDC/DFDC_video_seg16s/gkutjglghz_00.mp4,252,0,1,0
/hpc2hdd/home/lsheng847/1122321/FakeVideoDetection/data/DFDC/DFDC_video_seg16s/vdtsbqidjb_00.mp4,252,0,1,0
/hpc2hdd/home/lsheng847/1122321/FakeVideoDetection/data/DFDC/DFDC_video_seg16s/yxadevzohx_00.mp4,252,0,1,0
/hpc2hdd/home/lsheng847/1122321/FakeVideoDetection/data/DFDC/DFDC_video_seg16s/aqrsylrzgi_00.mp4,252,0,1,0
/hpc2hdd/home/lsheng847/1122321/FakeVideoDetection/data/DFDC/DFDC_video_seg16s/qsjiypnjwi_00.mp4,252,0,1,0
/hpc2hdd/home/lsheng847/1122321/FakeVideoDetection/data/DFDC/DFDC_video_seg16s/udxqbhgvvx_00.mp4,252,0,1,0
/hpc2hdd/home/lsheng847/1122321/FakeVideoDetection/data/DFDC/DFDC_video_seg16s/sodvtfqbpf_00.mp4,252,1,1,1
/hpc2hdd/home/lsheng847/1122321/FakeVideoDetection/data/DFDC/DFDC_video_seg16s/nymodlmxni_00.mp4,252,1,1,1
/hpc2hdd/home/lsheng847/1122321/FakeVideoDetection/data/DFDC/DFDC_video_seg16s/oelqpetgwj_00.mp4,252,0,1,0
/hpc2hdd/home/lsheng847/1122321/FakeVideoDetection/data/DFDC/DFDC_video_seg16s/pxjkzvqomp_00.mp4,252,1,1,1
/hpc2hdd/home/lsheng847/1122321/FakeVideoDetection/data/DFDC/DFDC_video_seg16s/opvqdabdap_00.mp4,252,0,1,0
/hpc2hdd/home/lsheng847/1122321/FakeVideoDetection/data/DFDC/DFDC_video_seg16s/aayfryxljh_00.mp4,252,1,1,1
/hpc2hdd/home/lsheng847/1122321/FakeVideoDetection/data/DFDC/DFDC_video_seg16s/sufvvwmbha_00.mp4,252,0,0,0
/hpc2hdd/home/lsheng847/1122321/FakeVideoDetection/data/DFDC/DFDC_video_seg16s/jytrvwlewz_00.mp4,252,1,1,1
/hpc2hdd/home/lsheng847/1122321/FakeVideoDetection/data/DFDC/DFDC_video_seg16s/wixbuuzygv_00.mp4,252,1,1,1
/hpc2hdd/home/lsheng847/1122321/FakeVideoDetection/data/DFDC/DFDC_video_seg16s/wvgviwnwob_00.mp4,252,0,1,0
/hpc2hdd/home/lsheng847/1122321/FakeVideoDetection/data/DFDC/DFDC_video_seg16s/ekelfsnqof_00.mp4,252,1,1,1
/hpc2hdd/home/lsheng847/1122321/FakeVideoDetection/data/DFDC/DFDC_video_seg16s/fmhiujydwo_00.mp4,252,1,1,1
/hpc2hdd/home/lsheng847/1122321/FakeVideoDetection/data/DFDC/DFDC_video_seg16s/lmdyicksrv_00.mp4,252,0,1,0
/hpc2hdd/home/lsheng847/1122321/FakeVideoDetection/data/DFDC/DFDC_video_seg16s/nswtvttxre_00.mp4,252,1,1,1
/hpc2hdd/home/lsheng847/1122321/FakeVideoDetection/data/DFDC/DFDC_video_seg16s/czfqlbcfpa_00.mp4,252,1,1,1
/hpc2hdd/home/lsheng847/1122321/FakeVideoDetection/data/DFDC/DFDC_video_seg16s/qqnlrngaft_00.mp4,252,1,1,1
/hpc2hdd/home/lsheng847/1122321/FakeVideoDetection/data/DFDC/DFDC_video_seg16s/ncoeewrdlo_00.mp4,252,0,1,0
/hpc2hdd/home/lsheng847/1122321/FakeVideoDetection/data/DFDC/DFDC_video_seg16s/ruhtnngrqv_00.mp4,252,1,1,1
/hpc2hdd/home/lsheng847/1122321/FakeVideoDetection/data/DFDC/DFDC_video_seg16s/fpevfidstw_00.mp4,252,1,1,1
/hpc2hdd/home/lsheng847/1122321/FakeVideoDetection/data/DFDC/DFDC_video_seg16s/wcvsqnplsk_00.mp4,252,0,1,0
/hpc2hdd/home/lsheng847/1122321/FakeVideoDetection/data/DFDC/DFDC_video_seg16s/hzssdinxec_00.mp4,252,0,1,0
/hpc2hdd/home/lsheng847/1122321/FakeVideoDetection/data/DFDC/DFDC_video_seg16s/cosghhimnd_00.mp4,252,1,1,1
/hpc2hdd/home/lsheng847/1122321/FakeVideoDetection/data/DFDC/DFDC_video_seg16s/yronlutbgm_00.mp4,252,1,1,1
/hpc2hdd/home/lsheng847/1122321/FakeVideoDetection/data/DFDC/DFDC_video_seg16s/ahjnxtiamx_00.mp4,252,0,1,0
/hpc2hdd/home/lsheng847/1122321/FakeVideoDetection/data/DFDC/DFDC_video_seg16s/gahgyuwzbu_00.mp4,252,1,1,1
/hpc2hdd/home/lsheng847/1122321/FakeVideoDetection/data/DFDC/DFDC_video_seg16s/frqfsucgao_00.mp4,252,1,1,1
/hpc2hdd/home/lsheng847/1122321/FakeVideoDetection/data/DFDC/DFDC_video_seg16s/csnkohqxdv_00.mp4,252,0,1,0
/hpc2hdd/home/lsheng847/1122321/FakeVideoDetection/data/DFDC/DFDC_video_seg16s/bfdopzvxbi_00.mp4,252,1,1,1
/hpc2hdd/home/lsheng847/1122321/FakeVideoDetection/data/DFDC/DFDC_video_seg16s/ziipxxchai_00.mp4,252,1,1,1
/hpc2hdd/home/lsheng847/1122321/FakeVideoDetection/data/DFDC/DFDC_video_seg16s/imdmhwkkni_00.mp4,252,0,1,0
/hpc2hdd/home/lsheng847/1122321/FakeVideoDetection/data/DFDC/DFDC_video_seg16s/dmmvuaikkv_00.mp4,252,1,1,1
/hpc2hdd/home/lsheng847/1122321/FakeVideoDetection/data/DFDC/DFDC_video_seg16s/tvhjcfnqtg_00.mp4,252,0,1,0
/hpc2hdd/home/lsheng847/1122321/FakeVideoDetection/data/DFDC/DFDC_video_seg16s/sznkemeqro_00.mp4,252,1,1,1
/hpc2hdd/home/lsheng847/1122321/FakeVideoDetection/data/DFDC/DFDC_video_seg16s/qdqdsaiitt_00.mp4,252,0,1,0
/hpc2hdd/home/lsheng847/1122321/FakeVideoDetection/data/DFDC/DFDC_video_seg16s/dsnxgrfdmd_00.mp4,252,1,1,1
/hpc2hdd/home/lsheng847/1122321/FakeVideoDetection/data/DFDC/DFDC_video_seg16s/rmufsuogzn_00.mp4,252,1,1,1
/hpc2hdd/home/lsheng847/1122321/FakeVideoDetection/data/DFDC/DFDC_video_seg16s/rcecrgeotc_00.mp4,252,0,1,0
/hpc2hdd/home/lsheng847/1122321/FakeVideoDetection/data/DFDC/DFDC_video_seg16s/qcbkztamqc_00.mp4,252,0,1,0
/hpc2hdd/home/lsheng847/1122321/FakeVideoDetection/data/DFDC/DFDC_video_seg16s/ibxfxggtqh_00.mp4,252,0,1,0
/hpc2hdd/home/lsheng847/1122321/FakeVideoDetection/data/DFDC/DFDC_video_seg16s/zgbhzkditd_00.mp4,252,0,1,0
/hpc2hdd/home/lsheng847/1122321/FakeVideoDetection/data/DFDC/DFDC_video_seg16s/mkzaekkvej_00.mp4,252,1,1,1
/hpc2hdd/home/lsheng847/1122321/FakeVideoDetection/data/DFDC/DFDC_video_seg16s/nplviymzlg_00.mp4,252,0,1,0
/hpc2hdd/home/lsheng847/1122321/FakeVideoDetection/data/DFDC/DFDC_video_seg16s/hfsvqabzfq_00.mp4,252,0,1,0
/hpc2hdd/home/lsheng847/1122321/FakeVideoDetection/data/DFDC/DFDC_video_seg16s/fwykevubzy_00.mp4,252,1,1,1
/hpc2hdd/home/lsheng847/1122321/FakeVideoDetection/data/DFDC/DFDC_video_seg16s/ajiyrjfyzp_00.mp4,252,1,1,1
/hpc2hdd/home/lsheng847/1122321/FakeVideoDetection/data/DFDC/DFDC_video_seg16s/ggzjfrirjh_00.mp4,252,1,1,1
/hpc2hdd/home/lsheng847/1122321/FakeVideoDetection/data/DFDC/DFDC_video_seg16s/rrrfjhugvb_00.mp4,252,0,1,0
/hpc2hdd/home/lsheng847/1122321/FakeVideoDetection/data/DFDC/DFDC_video_seg16s/qarqtkvgby_00.mp4,252,1,1,1
/hpc2hdd/home/lsheng847/1122321/FakeVideoDetection/data/DFDC/DFDC_video_seg16s/hclsparpth_00.mp4,252,0,1,0
/hpc2hdd/home/lsheng847/1122321/FakeVideoDetection/data/DFDC/DFDC_video_seg16s/eppyqpgewp_00.mp4,252,1,1,1
/hpc2hdd/home/lsheng847/1122321/FakeVideoDetection/data/DFDC/DFDC_video_seg16s/nycmyuzpml_00.mp4,252,1,1,1
/hpc2hdd/home/lsheng847/1122321/FakeVideoDetection/data/DFDC/DFDC_video_seg16s/ouaowjmigq_00.mp4,252,1,1,1
/hpc2hdd/home/lsheng847/1122321/FakeVideoDetection/data/DFDC/DFDC_video_seg16s/iznnzjvaxc_00.mp4,252,0,1,0
/hpc2hdd/home/lsheng847/1122321/FakeVideoDetection/data/DFDC/DFDC_video_seg16s/kmqkiihrmj_00.mp4,252,0,0,0
/hpc2hdd/home/lsheng847/1122321/FakeVideoDetection/data/DFDC/DFDC_video_seg16s/iksxzpqxzi_00.mp4,252,1,1,1
/hpc2hdd/home/lsheng847/1122321/FakeVideoDetection/data/DFDC/DFDC_video_seg16s/hitfycdavv_00.mp4,252,0,1,0
/hpc2hdd/home/lsheng847/1122321/FakeVideoDetection/data/DFDC/DFDC_video_seg16s/pcoxcmtroa_00.mp4,252,1,1,1
/hpc2hdd/home/lsheng847/1122321/FakeVideoDetection/data/DFDC/DFDC_video_seg16s/vmxfwxgdei_00.mp4,252,1,1,1
/hpc2hdd/home/lsheng847/1122321/FakeVideoDetection/data/DFDC/DFDC_video_seg16s/irqzdokcws_00.mp4,252,1,1,1
/hpc2hdd/home/lsheng847/1122321/FakeVideoDetection/data/DFDC/DFDC_video_seg16s/bofrwgeyjo_00.mp4,252,0,1,0
/hpc2hdd/home/lsheng847/1122321/FakeVideoDetection/data/DFDC/DFDC_video_seg16s/zgjosltkie_00.mp4,252,0,1,0
/hpc2hdd/home/lsheng847/1122321/FakeVideoDetection/data/DFDC/DFDC_video_seg16s/xhtppuyqdr_00.mp4,252,0,1,0
/hpc2hdd/home/lsheng847/1122321/FakeVideoDetection/data/DFDC/DFDC_video_seg16s/yzuestxcbq_00.mp4,252,0,1,0
/hpc2hdd/home/lsheng847/1122321/FakeVideoDetection/data/DFDC/DFDC_video_seg16s/wjhpisoeaj_00.mp4,252,1,1,1
/hpc2hdd/home/lsheng847/1122321/FakeVideoDetection/data/DFDC/DFDC_video_seg16s/apedduehoy_00.mp4,252,1,1,1
/hpc2hdd/home/lsheng847/1122321/FakeVideoDetection/data/DFDC/DFDC_video_seg16s/ncmpqwmnzb_00.mp4,252,1,1,1
/hpc2hdd/home/lsheng847/1122321/FakeVideoDetection/data/DFDC/DFDC_video_seg16s/uubgqnvfdl_00.mp4,252,0,1,0
/hpc2hdd/home/lsheng847/1122321/FakeVideoDetection/data/DFDC/DFDC_video_seg16s/siebfpwuhu_00.mp4,252,1,1,1
/hpc2hdd/home/lsheng847/1122321/FakeVideoDetection/data/DFDC/DFDC_video_seg16s/mwwploizlj_00.mp4,252,1,1,1
/hpc2hdd/home/lsheng847/1122321/FakeVideoDetection/data/DFDC/DFDC_video_seg16s/zzmgnglanj_00.mp4,252,1,1,1
/hpc2hdd/home/lsheng847/1122321/FakeVideoDetection/data/DFDC/DFDC_video_seg16s/dxfdovivlw_00.mp4,252,1,1,1
/hpc2hdd/home/lsheng847/1122321/FakeVideoDetection/data/DFDC/DFDC_video_seg16s/mllzkpgatp_00.mp4,252,0,1,0
/hpc2hdd/home/lsheng847/1122321/FakeVideoDetection/data/DFDC/DFDC_video_seg16s/oefukgnvel_00.mp4,252,1,1,1
/hpc2hdd/home/lsheng847/1122321/FakeVideoDetection/data/DFDC/DFDC_video_seg16s/tynfsthodx_00.mp4,252,0,1,0
/hpc2hdd/home/lsheng847/1122321/FakeVideoDetection/data/DFDC/DFDC_video_seg16s/demuhxssgl_00.mp4,252,0,1,0
/hpc2hdd/home/lsheng847/1122321/FakeVideoDetection/data/DFDC/DFDC_video_seg16s/yllztsrwjw_00.mp4,252,0,1,0
/hpc2hdd/home/lsheng847/1122321/FakeVideoDetection/data/DFDC/DFDC_video_seg16s/fqgypsunzr_00.mp4,252,0,1,0
/hpc2hdd/home/lsheng847/1122321/FakeVideoDetection/data/DFDC/DFDC_video_seg16s/fneqiqpqvs_00.mp4,252,1,1,1
/hpc2hdd/home/lsheng847/1122321/FakeVideoDetection/data/DFDC/DFDC_video_seg16s/fsdrwikhge_00.mp4,252,0,1,0
/hpc2hdd/home/lsheng847/1122321/FakeVideoDetection/data/DFDC/DFDC_video_seg16s/qxyrtwozyw_00.mp4,252,0,1,0
/hpc2hdd/home/lsheng847/1122321/FakeVideoDetection/data/DFDC/DFDC_video_seg16s/xmkwsnuzyq_00.mp4,252,1,1,1
/hpc2hdd/home/lsheng847/1122321/FakeVideoDetection/data/DFDC/DFDC_video_seg16s/vssmlqoiti_00.mp4,252,1,1,1
/hpc2hdd/home/lsheng847/1122321/FakeVideoDetection/data/DFDC/DFDC_video_seg16s/htzbnroagi_00.mp4,252,1,1,1
/hpc2hdd/home/lsheng847/1122321/FakeVideoDetection/data/DFDC/DFDC_video_seg16s/itfsvvmslp_00.mp4,252,0,1,0
/hpc2hdd/home/lsheng847/1122321/FakeVideoDetection/data/DFDC/DFDC_video_seg16s/ptbfnkajyi_00.mp4,252,0,0,0
/hpc2hdd/home/lsheng847/1122321/FakeVideoDetection/data/DFDC/DFDC_video_seg16s/blnmxntbey_00.mp4,252,1,1,1
/hpc2hdd/home/lsheng847/1122321/FakeVideoDetection/data/DFDC/DFDC_video_seg16s/khpipxnsvx_00.mp4,252,0,1,0
/hpc2hdd/home/lsheng847/1122321/FakeVideoDetection/data/DFDC/DFDC_video_seg16s/wclvkepakb_00.mp4,252,1,1,1
/hpc2hdd/home/lsheng847/1122321/FakeVideoDetection/data/DFDC/DFDC_video_seg16s/zfobicuigx_00.mp4,252,1,1,1
/hpc2hdd/home/lsheng847/1122321/FakeVideoDetection/data/DFDC/DFDC_video_seg16s/ocgdbrgmtq_00.mp4,252,1,1,1
/hpc2hdd/home/lsheng847/1122321/FakeVideoDetection/data/DFDC/DFDC_video_seg16s/heiyoojifp_00.mp4,252,1,1,1
/hpc2hdd/home/lsheng847/1122321/FakeVideoDetection/data/DFDC/DFDC_video_seg16s/rnfcjxynfa_00.mp4,252,0,1,0
/hpc2hdd/home/lsheng847/1122321/FakeVideoDetection/data/DFDC/DFDC_video_seg16s/adohdulfwb_00.mp4,252,1,1,1
/hpc2hdd/home/lsheng847/1122321/FakeVideoDetection/data/DFDC/DFDC_video_seg16s/fxuxxtryjn_00.mp4,252,0,1,0
/hpc2hdd/home/lsheng847/1122321/FakeVideoDetection/data/DFDC/DFDC_video_seg16s/hsbwhlolsn_00.mp4,252,1,1,1
/hpc2hdd/home/lsheng847/1122321/FakeVideoDetection/data/DFDC/DFDC_video_seg16s/hyjqolupxn_00.mp4,252,0,0,0
/hpc2hdd/home/lsheng847/1122321/FakeVideoDetection/data/DFDC/DFDC_video_seg16s/vbcgoyxsvn_00.mp4,252,0,1,0
/hpc2hdd/home/lsheng847/1122321/FakeVideoDetection/data/DFDC/DFDC_video_seg16s/qlqhjcshpk_00.mp4,252,0,1,0
/hpc2hdd/home/lsheng847/1122321/FakeVideoDetection/data/DFDC/DFDC_video_seg16s/oojxonbgow_00.mp4,252,1,1,1
/hpc2hdd/home/lsheng847/1122321/FakeVideoDetection/data/DFDC/DFDC_video_seg16s/vtunvalyji_00.mp4,252,1,1,1
/hpc2hdd/home/lsheng847/1122321/FakeVideoDetection/data/DFDC/DFDC_video_seg16s/scrbqgpvzz_00.mp4,252,0,1,0
/hpc2hdd/home/lsheng847/1122321/FakeVideoDetection/data/DFDC/DFDC_video_seg16s/jsbpkpxwew_00.mp4,252,0,1,0
/hpc2hdd/home/lsheng847/1122321/FakeVideoDetection/data/DFDC/DFDC_video_seg16s/ekboxwrwuv_00.mp4,252,0,1,0
/hpc2hdd/home/lsheng847/1122321/FakeVideoDetection/data/DFDC/DFDC_video_seg16s/yarpxfqejd_00.mp4,252,0,1,0
/hpc2hdd/home/lsheng847/1122321/FakeVideoDetection/data/DFDC/DFDC_video_seg16s/ayipraspbn_00.mp4,252,1,1,1
/hpc2hdd/home/lsheng847/1122321/FakeVideoDetection/data/DFDC/DFDC_video_seg16s/halvwiltfs_00.mp4,252,0,1,0
/hpc2hdd/home/lsheng847/1122321/FakeVideoDetection/data/DFDC/DFDC_video_seg16s/etdliwticv_00.mp4,252,0,1,0
/hpc2hdd/home/lsheng847/1122321/FakeVideoDetection/data/DFDC/DFDC_video_seg16s/upmgtackuf_00.mp4,252,1,1,1
/hpc2hdd/home/lsheng847/1122321/FakeVideoDetection/data/DFDC/DFDC_video_seg16s/dvtpwatuja_00.mp4,252,1,1,1
/hpc2hdd/home/lsheng847/1122321/FakeVideoDetection/data/DFDC/DFDC_video_seg16s/aomqqjipcp_00.mp4,252,0,1,0
/hpc2hdd/home/lsheng847/1122321/FakeVideoDetection/data/DFDC/DFDC_video_seg16s/waucvvmtkq_00.mp4,252,1,1,1
/hpc2hdd/home/lsheng847/1122321/FakeVideoDetection/data/DFDC/DFDC_video_seg16s/ystdtnetgj_00.mp4,252,1,1,1
/hpc2hdd/home/lsheng847/1122321/FakeVideoDetection/data/DFDC/DFDC_video_seg16s/cnxccbjlct_00.mp4,252,0,1,0
/hpc2hdd/home/lsheng847/1122321/FakeVideoDetection/data/DFDC/DFDC_video_seg16s/yxirnfyijn_00.mp4,252,0,0,0
/hpc2hdd/home/lsheng847/1122321/FakeVideoDetection/data/DFDC/DFDC_video_seg16s/mdfndlljvt_00.mp4,252,0,1,0
/hpc2hdd/home/lsheng847/1122321/FakeVideoDetection/data/DFDC/DFDC_video_seg16s/dzojiwfvba_00.mp4,252,1,1,1
/hpc2hdd/home/lsheng847/1122321/FakeVideoDetection/data/DFDC/DFDC_video_seg16s/nxzgekegsp_00.mp4,252,0,1,0
/hpc2hdd/home/lsheng847/1122321/FakeVideoDetection/data/DFDC/DFDC_video_seg16s/kqlvggiqee_00.mp4,252,1,1,1
/hpc2hdd/home/lsheng847/1122321/FakeVideoDetection/data/DFDC/DFDC_video_seg16s/rktrpsdlci_00.mp4,252,1,1,1
/hpc2hdd/home/lsheng847/1122321/FakeVideoDetection/data/DFDC/DFDC_video_seg16s/cekwtyxdoo_00.mp4,252,0,1,0
/hpc2hdd/home/lsheng847/1122321/FakeVideoDetection/data/DFDC/DFDC_video_seg16s/eisofhptvk_00.mp4,252,0,1,0
/hpc2hdd/home/lsheng847/1122321/FakeVideoDetection/data/DFDC/DFDC_video_seg16s/sjwywglgym_00.mp4,252,0,1,0
/hpc2hdd/home/lsheng847/1122321/FakeVideoDetection/data/DFDC/DFDC_video_seg16s/vizerpsvbz_00.mp4,252,1,1,1
/hpc2hdd/home/lsheng847/1122321/FakeVideoDetection/data/DFDC/DFDC_video_seg16s/pqthmvwonf_00.mp4,252,0,1,0
/hpc2hdd/home/lsheng847/1122321/FakeVideoDetection/data/DFDC/DFDC_video_seg16s/vvfszaosiv_00.mp4,252,1,1,1
/hpc2hdd/home/lsheng847/1122321/FakeVideoDetection/data/DFDC/DFDC_video_seg16s/kmcdjxmnoa_00.mp4,252,0,0,0
/hpc2hdd/home/lsheng847/1122321/FakeVideoDetection/data/DFDC/DFDC_video_seg16s/tjywwgftmv_00.mp4,252,0,1,0
/hpc2hdd/home/lsheng847/1122321/FakeVideoDetection/data/DFDC/DFDC_video_seg16s/ybbrkacebd_00.mp4,252,1,1,1
/hpc2hdd/home/lsheng847/1122321/FakeVideoDetection/data/DFDC/DFDC_video_seg16s/yljecirelf_00.mp4,252,1,1,1
/hpc2hdd/home/lsheng847/1122321/FakeVideoDetection/data/DFDC/DFDC_video_seg16s/yhylappzid_00.mp4,252,1,1,1
/hpc2hdd/home/lsheng847/1122321/FakeVideoDetection/data/DFDC/DFDC_video_seg16s/hxwtsaydal_00.mp4,252,0,1,0
/hpc2hdd/home/lsheng847/1122321/FakeVideoDetection/data/DFDC/DFDC_video_seg16s/cqxxumarvp_00.mp4,252,1,1,1
/hpc2hdd/home/lsheng847/1122321/FakeVideoDetection/data/DFDC/DFDC_video_seg16s/dzkyxbbqkr_00.mp4,252,1,1,1
/hpc2hdd/home/lsheng847/1122321/FakeVideoDetection/data/DFDC/DFDC_video_seg16s/kcjvhgvhpt_00.mp4,252,0,1,0
/hpc2hdd/home/lsheng847/1122321/FakeVideoDetection/data/DFDC/DFDC_video_seg16s/espkiocpxq_00.mp4,252,0,1,0
/hpc2hdd/home/lsheng847/1122321/FakeVideoDetection/data/DFDC/DFDC_video_seg16s/lpgxwdgnio_00.mp4,252,1,1,1
/hpc2hdd/home/lsheng847/1122321/FakeVideoDetection/data/DFDC/DFDC_video_seg16s/ipvwtgdlre_00.mp4,252,0,0,0
/hpc2hdd/home/lsheng847/1122321/FakeVideoDetection/data/DFDC/DFDC_video_seg16s/jyfvaequfg_00.mp4,252,1,1,1
/hpc2hdd/home/lsheng847/1122321/FakeVideoDetection/data/DFDC/DFDC_video_seg16s/ipkpxvwroe_00.mp4,252,0,1,0
/hpc2hdd/home/lsheng847/1122321/FakeVideoDetection/data/DFDC/DFDC_video_seg16s/shnsajrsow_00.mp4,252,0,1,0
/hpc2hdd/home/lsheng847/1122321/FakeVideoDetection/data/DFDC/DFDC_video_seg16s/rcjfxxhcal_00.mp4,252,0,1,0
/hpc2hdd/home/lsheng847/1122321/FakeVideoDetection/data/DFDC/DFDC_video_seg16s/ljouzjaqqe_00.mp4,252,1,1,1
/hpc2hdd/home/lsheng847/1122321/FakeVideoDetection/data/DFDC/DFDC_video_seg16s/yhjlnisfel_00.mp4,252,1,1,1
/hpc2hdd/home/lsheng847/1122321/FakeVideoDetection/data/DFDC/DFDC_video_seg16s/gunamloolc_00.mp4,252,0,0,0
/hpc2hdd/home/lsheng847/1122321/FakeVideoDetection/data/DFDC/DFDC_video_seg16s/jiavqbrkyk_00.mp4,252,1,1,1
/hpc2hdd/home/lsheng847/1122321/FakeVideoDetection/data/DFDC/DFDC_video_seg16s/xljemofssi_00.mp4,252,0,1,0
/hpc2hdd/home/lsheng847/1122321/FakeVideoDetection/data/DFDC/DFDC_video_seg16s/bcbqxhziqz_00.mp4,252,1,1,1
/hpc2hdd/home/lsheng847/1122321/FakeVideoDetection/data/DFDC/DFDC_video_seg16s/syxobtuucp_00.mp4,252,1,1,1
/hpc2hdd/home/lsheng847/1122321/FakeVideoDetection/data/DFDC/DFDC_video_seg16s/bktkwbcawi_00.mp4,252,0,1,0
/hpc2hdd/home/lsheng847/1122321/FakeVideoDetection/data/DFDC/DFDC_video_seg16s/mnzabbkpmt_00.mp4,252,1,1,1
/hpc2hdd/home/lsheng847/1122321/FakeVideoDetection/data/DFDC/DFDC_video_seg16s/xitgdpzbxv_00.mp4,252,0,1,0
/hpc2hdd/home/lsheng847/1122321/FakeVideoDetection/data/DFDC/DFDC_video_seg16s/jquevmhdvc_00.mp4,252,0,1,0
/hpc2hdd/home/lsheng847/1122321/FakeVideoDetection/data/DFDC/DFDC_video_seg16s/iorbtaarte_00.mp4,252,1,1,1
/hpc2hdd/home/lsheng847/1122321/FakeVideoDetection/data/DFDC/DFDC_video_seg16s/bkuzquigyt_00.mp4,252,1,1,1
/hpc2hdd/home/lsheng847/1122321/FakeVideoDetection/data/DFDC/DFDC_video_seg16s/syuxttuyhm_00.mp4,252,0,1,0
/hpc2hdd/home/lsheng847/1122321/FakeVideoDetection/data/DFDC/DFDC_video_seg16s/lyoslorecs_00.mp4,252,0,0,0
/hpc2hdd/home/lsheng847/1122321/FakeVideoDetection/data/DFDC/DFDC_video_seg16s/mszblrdprw_00.mp4,252,0,1,0
/hpc2hdd/home/lsheng847/1122321/FakeVideoDetection/data/DFDC/DFDC_video_seg16s/uhrqlmlclw_00.mp4,252,1,1,1
/hpc2hdd/home/lsheng847/1122321/FakeVideoDetection/data/DFDC/DFDC_video_seg16s/lujvyveojc_00.mp4,252,1,1,1
/hpc2hdd/home/lsheng847/1122321/FakeVideoDetection/data/DFDC/DFDC_video_seg16s/bkcyglmfci_00.mp4,252,1,1,1
/hpc2hdd/home/lsheng847/1122321/FakeVideoDetection/data/DFDC/DFDC_video_seg16s/wndursivcx_00.mp4,252,0,1,0
/hpc2hdd/home/lsheng847/1122321/FakeVideoDetection/data/DFDC/DFDC_video_seg16s/uxuvkrjhws_00.mp4,252,1,1,1
/hpc2hdd/home/lsheng847/1122321/FakeVideoDetection/data/DFDC/DFDC_video_seg16s/tejfudfgpq_00.mp4,252,1,1,1
/hpc2hdd/home/lsheng847/1122321/FakeVideoDetection/data/DFDC/DFDC_video_seg16s/hevcclcklc_00.mp4,252,1,1,1
/hpc2hdd/home/lsheng847/1122321/FakeVideoDetection/data/DFDC/DFDC_video_seg16s/dvwpvqdflx_00.mp4,252,1,1,1
/hpc2hdd/home/lsheng847/1122321/FakeVideoDetection/data/DFDC/DFDC_video_seg16s/tjuihawuqm_00.mp4,252,0,1,0
/hpc2hdd/home/lsheng847/1122321/FakeVideoDetection/data/DFDC/DFDC_video_seg16s/dpmgoiwhuf_00.mp4,252,1,1,1
/hpc2hdd/home/lsheng847/1122321/FakeVideoDetection/data/DFDC/DFDC_video_seg16s/elackxuccp_00.mp4,252,1,1,1
/hpc2hdd/home/lsheng847/1122321/FakeVideoDetection/data/DFDC/DFDC_video_seg16s/kowiwvrjht_00.mp4,252,0,1,0
/hpc2hdd/home/lsheng847/1122321/FakeVideoDetection/data/DFDC/DFDC_video_seg16s/ptbnewtvon_00.mp4,252,0,1,0
/hpc2hdd/home/lsheng847/1122321/FakeVideoDetection/data/DFDC/DFDC_video_seg16s/orekjthsef_00.mp4,252,0,1,0
/hpc2hdd/home/lsheng847/1122321/FakeVideoDetection/data/DFDC/DFDC_video_seg16s/xxzefxwyku_00.mp4,252,1,1,1
/hpc2hdd/home/lsheng847/1122321/FakeVideoDetection/data/DFDC/DFDC_video_seg16s/didzujjhtg_00.mp4,252,1,1,1
/hpc2hdd/home/lsheng847/1122321/FakeVideoDetection/data/DFDC/DFDC_video_seg16s/srfefmyjvt_00.mp4,252,1,1,1
/hpc2hdd/home/lsheng847/1122321/FakeVideoDetection/data/DFDC/DFDC_video_seg16s/lebzjtusnr_00.mp4,252,0,1,0
/hpc2hdd/home/lsheng847/1122321/FakeVideoDetection/data/DFDC/DFDC_video_seg16s/nxnmkytwze_00.mp4,252,1,1,1
/hpc2hdd/home/lsheng847/1122321/FakeVideoDetection/data/DFDC/DFDC_video_seg16s/kezwvsxxzj_00.mp4,252,1,1,1
/hpc2hdd/home/lsheng847/1122321/FakeVideoDetection/data/DFDC/DFDC_video_seg16s/honxqdilvv_00.mp4,252,0,1,0
/hpc2hdd/home/lsheng847/1122321/FakeVideoDetection/data/DFDC/DFDC_video_seg16s/scbdenmaed_00.mp4,252,0,1,0
/hpc2hdd/home/lsheng847/1122321/FakeVideoDetection/data/DFDC/DFDC_video_seg16s/fnxgqcvlsd_00.mp4,252,0,1,0
/hpc2hdd/home/lsheng847/1122321/FakeVideoDetection/data/DFDC/DFDC_video_seg16s/vhbbwdflyh_00.mp4,252,0,0,0
/hpc2hdd/home/lsheng847/1122321/FakeVideoDetection/data/DFDC/DFDC_video_seg16s/txnmkabufs_00.mp4,252,1,1,1
/hpc2hdd/home/lsheng847/1122321/FakeVideoDetection/data/DFDC/DFDC_video_seg16s/nthpnwylxo_00.mp4,252,1,1,1
/hpc2hdd/home/lsheng847/1122321/FakeVideoDetection/data/DFDC/DFDC_video_seg16s/hweshqpfwe_00.mp4,252,0,1,0
/hpc2hdd/home/lsheng847/1122321/FakeVideoDetection/data/DFDC/DFDC_video_seg16s/vurjckblge_00.mp4,252,0,1,0
/hpc2hdd/home/lsheng847/1122321/FakeVideoDetection/data/DFDC/DFDC_video_seg16s/fmvvmcbdrw_00.mp4,252,0,1,0
/hpc2hdd/home/lsheng847/1122321/FakeVideoDetection/data/DFDC/DFDC_video_seg16s/lnhkjhyhvw_00.mp4,252,1,1,1
/hpc2hdd/home/lsheng847/1122321/FakeVideoDetection/data/DFDC/DFDC_video_seg16s/fzvpbrzssi_00.mp4,252,1,1,1
/hpc2hdd/home/lsheng847/1122321/FakeVideoDetection/data/DFDC/DFDC_video_seg16s/nikynwcvuh_00.mp4,252,0,1,0
/hpc2hdd/home/lsheng847/1122321/FakeVideoDetection/data/DFDC/DFDC_video_seg16s/huvlwkxoxm_00.mp4,252,0,1,0
/hpc2hdd/home/lsheng847/1122321/FakeVideoDetection/data/DFDC/DFDC_video_seg16s/oyqgwjdwaj_00.mp4,252,0,1,0
/hpc2hdd/home/lsheng847/1122321/FakeVideoDetection/data/DFDC/DFDC_video_seg16s/zmxeiipnqb_00.mp4,252,1,1,1
/hpc2hdd/home/lsheng847/1122321/FakeVideoDetection/data/DFDC/DFDC_video_seg16s/mkmgcxaztt_00.mp4,252,1,1,1
/hpc2hdd/home/lsheng847/1122321/FakeVideoDetection/data/DFDC/DFDC_video_seg16s/eqslzbqfea_00.mp4,252,0,0,0
/hpc2hdd/home/lsheng847/1122321/FakeVideoDetection/data/DFDC/DFDC_video_seg16s/esmqxszybs_00.mp4,252,0,1,0
/hpc2hdd/home/lsheng847/1122321/FakeVideoDetection/data/DFDC/DFDC_video_seg16s/eryjktdexi_00.mp4,252,0,0,0
/hpc2hdd/home/lsheng847/1122321/FakeVideoDetection/data/DFDC/DFDC_video_seg16s/aassnaulhq_00.mp4,252,0,1,0
/hpc2hdd/home/lsheng847/1122321/FakeVideoDetection/data/DFDC/DFDC_video_seg16s/dvkdfhrpph_00.mp4,252,0,1,0
/hpc2hdd/home/lsheng847/1122321/FakeVideoDetection/data/DFDC/DFDC_video_seg16s/nxgzmgzkfv_00.mp4,252,0,1,0
/hpc2hdd/home/lsheng847/1122321/FakeVideoDetection/data/DFDC/DFDC_video_seg16s/ytddugrwph_00.mp4,252,0,1,0
/hpc2hdd/home/lsheng847/1122321/FakeVideoDetection/data/DFDC/DFDC_video_seg16s/xcruhaccxc_00.mp4,252,1,1,1
/hpc2hdd/home/lsheng847/1122321/FakeVideoDetection/data/DFDC/DFDC_video_seg16s/dpevefkefv_00.mp4,252,1,1,1
/hpc2hdd/home/lsheng847/1122321/FakeVideoDetection/data/DFDC/DFDC_video_seg16s/ojsxxkalat_00.mp4,252,0,1,0
/hpc2hdd/home/lsheng847/1122321/FakeVideoDetection/data/DFDC/DFDC_video_seg16s/hefisnapds_00.mp4,252,0,1,0
/hpc2hdd/home/lsheng847/1122321/FakeVideoDetection/data/DFDC/DFDC_video_seg16s/ekvwecwltj_00.mp4,252,1,1,1
/hpc2hdd/home/lsheng847/1122321/FakeVideoDetection/data/DFDC/DFDC_video_seg16s/oaguiggjyv_00.mp4,252,1,1,1
/hpc2hdd/home/lsheng847/1122321/FakeVideoDetection/data/DFDC/DFDC_video_seg16s/uqvxjfpwdo_00.mp4,252,0,1,0
/hpc2hdd/home/lsheng847/1122321/FakeVideoDetection/data/DFDC/DFDC_video_seg16s/lpkgabskbw_00.mp4,252,0,1,0
/hpc2hdd/home/lsheng847/1122321/FakeVideoDetection/data/DFDC/DFDC_video_seg16s/ggdpclfcgk_00.mp4,252,0,0,0
/hpc2hdd/home/lsheng847/1122321/FakeVideoDetection/data/DFDC/DFDC_video_seg16s/eyguqfmgzh_00.mp4,252,1,1,1
/hpc2hdd/home/lsheng847/1122321/FakeVideoDetection/data/DFDC/DFDC_video_seg16s/zfrrixsimm_00.mp4,252,1,1,1
/hpc2hdd/home/lsheng847/1122321/FakeVideoDetection/data/DFDC/DFDC_video_seg16s/knxltsvzyu_00.mp4,252,1,1,1
/hpc2hdd/home/lsheng847/1122321/FakeVideoDetection/data/DFDC/DFDC_video_seg16s/evysmtpnrf_00.mp4,252,1,1,1
/hpc2hdd/home/lsheng847/1122321/FakeVideoDetection/data/DFDC/DFDC_video_seg16s/phjvutxpoi_00.mp4,252,1,1,1
/hpc2hdd/home/lsheng847/1122321/FakeVideoDetection/data/DFDC/DFDC_video_seg16s/sylnrepacf_00.mp4,252,1,1,1
/hpc2hdd/home/lsheng847/1122321/FakeVideoDetection/data/DFDC/DFDC_video_seg16s/sngjsueuhs_00.mp4,252,0,1,0
/hpc2hdd/home/lsheng847/1122321/FakeVideoDetection/data/DFDC/DFDC_video_seg16s/pqdeutauqc_00.mp4,252,1,1,1
/hpc2hdd/home/lsheng847/1122321/FakeVideoDetection/data/DFDC/DFDC_video_seg16s/ddtbarpcgo_00.mp4,252,1,1,1
/hpc2hdd/home/lsheng847/1122321/FakeVideoDetection/data/DFDC/DFDC_video_seg16s/gccnvdoknm_00.mp4,252,0,1,0
/hpc2hdd/home/lsheng847/1122321/FakeVideoDetection/data/DFDC/DFDC_video_seg16s/ztyvglkcsf_00.mp4,252,1,1,1
/hpc2hdd/home/lsheng847/1122321/FakeVideoDetection/data/DFDC/DFDC_video_seg16s/tgawasvbbr_00.mp4,252,1,1,1
/hpc2hdd/home/lsheng847/1122321/FakeVideoDetection/data/DFDC/DFDC_video_seg16s/rfjuhbnlro_00.mp4,252,0,1,0
/hpc2hdd/home/lsheng847/1122321/FakeVideoDetection/data/DFDC/DFDC_video_seg16s/acazlolrpz_00.mp4,252,0,1,0
/hpc2hdd/home/lsheng847/1122321/FakeVideoDetection/data/DFDC/DFDC_video_seg16s/ywxpquomgt_00.mp4,252,1,1,1
/hpc2hdd/home/lsheng847/1122321/FakeVideoDetection/data/DFDC/DFDC_video_seg16s/qclpbcbgeq_00.mp4,252,1,1,1
/hpc2hdd/home/lsheng847/1122321/FakeVideoDetection/data/DFDC/DFDC_video_seg16s/apvzjkvnwn_00.mp4,252,1,1,1
/hpc2hdd/home/lsheng847/1122321/FakeVideoDetection/data/DFDC/DFDC_video_seg16s/xrtvqhdibb_00.mp4,252,0,1,0
/hpc2hdd/home/lsheng847/1122321/FakeVideoDetection/data/DFDC/DFDC_video_seg16s/wnlubukrki_00.mp4,252,0,1,0
/hpc2hdd/home/lsheng847/1122321/FakeVideoDetection/data/DFDC/DFDC_video_seg16s/bwdmzwhdnw_00.mp4,252,0,1,0
